,Compound,Date,Negative,Neutral,Positive,Source Account,Text,Tweets Ago
0,0.0,Tue Jun 26 21:42:46 +0000 2018,0.0,1.0,0.0,@BBCWorld,RT @richard_conway: Reports emerging here in St Petersburg that Diego Maradona was taken to hospital after Argentina‚Äôs game tonight.,1
1,-0.128,Tue Jun 26 20:12:16 +0000 2018,0.2,0.8,0.0,@BBCWorld,France: Butchers demand protection from vegans https://t.co/h0krY6YrBV,2
2,-0.836,Tue Jun 26 20:09:38 +0000 2018,0.497,0.503,0.0,@BBCWorld,Canada tycoon's son Blake Leibel jailed for 'savage' murder https://t.co/g8k1ingzK9,3
3,0.0,Tue Jun 26 20:06:47 +0000 2018,0.0,1.0,0.0,@BBCWorld,"RT @BBCSport: Hector Cuper has left his role as Egypt manager after they were knocked out of the #WorldCup 

Full story: https://t.co/nwr8l‚Ä¶",4
4,0.5574,Tue Jun 26 20:06:46 +0000 2018,0.194,0.323,0.484,@BBCWorld,NSA contractor Reality Winner admits leak https://t.co/uqiSN5PWqw,5
5,0.128,Tue Jun 26 19:53:51 +0000 2018,0.056,0.872,0.072,@BBCWorld,"RT @BBCSport: FT #NGA 1-2 #ARG 

14' ‚öΩ Lionel Messi
51' ‚öΩ Victor Moses
86' ‚öΩ Marcos Rojo

An unlikely hero for Argentina, but it doesn't ma‚Ä¶",6
6,0.6114,Tue Jun 26 19:53:16 +0000 2018,0.0,0.852,0.148,@BBCWorld,"RT @BBCSport: FT: #ISL 1-2 #CRO 

For the first time ever, Croatia have won three #WorldCup games in a row! 

Iceland bow out.

Reaction: h‚Ä¶",7
7,0.3129,Tue Jun 26 19:48:53 +0000 2018,0.0,0.906,0.094,@BBCWorld,"RT @BBCSport: GOAL! #NGA 1-2 #ARG

Marcos Rojo?! What a finish from the defender. Argentina are back in the driving seat!

Follow #NGAARG l‚Ä¶",8
8,0.4738,Tue Jun 26 19:48:49 +0000 2018,0.0,0.882,0.118,@BBCWorld,"RT @BBCSport: GOAL!

Looks like it'll be three out of three for Croatia!

Ivan Perisic drives a finish into the far corner.

#ISL 1-2 #CRO‚Ä¶",9
9,0.0,Tue Jun 26 19:40:34 +0000 2018,0.0,1.0,0.0,@BBCWorld,Migrant family separations: States sue Trump administration https://t.co/flWhRvUMb3,10
10,-0.555,Tue Jun 26 19:36:52 +0000 2018,0.159,0.841,0.0,@BBCWorld,"RT @BBCSport: GOAL!

Now then...

Gylfi Sigurdsson fires a penalty into the roof of the net!

#ISL 1-1 #CRO 

Live: https://t.co/aeMK9g0ELv‚Ä¶",11
11,0.3578,Tue Jun 26 19:13:42 +0000 2018,0.0,0.879,0.121,@BBCWorld,"RT @BBCSport: GOAL!

Straight after rattling the crossbar, Milan Badelj drives in the opener! 

#ISL 0-1 #CRO 

Live: https://t.co/aeMK9g0E‚Ä¶",12
12,0.0,Tue Jun 26 19:03:23 +0000 2018,0.0,1.0,0.0,@BBCWorld,Indiana child fires handgun found in sofa at Ikea https://t.co/2WsnrEnVzS,13
13,0.7559,Tue Jun 26 18:53:10 +0000 2018,0.0,0.78,0.22,@BBCWorld,"RT @BBCSport: HT: #ISL 0-0 #CRO 

Croatia will be relieved to head into the break with it goalless after a very, very strong finish to the‚Ä¶",14
14,-0.802,Tue Jun 26 18:11:58 +0000 2018,0.507,0.493,0.0,@BBCWorld,US college quarterback 'had brain disorder' before suicide https://t.co/SczLaFmFL0,15
15,0.0,Tue Jun 26 17:38:53 +0000 2018,0.0,1.0,0.0,@BBCWorld,Abiy Ahmed becomes Ethiopia's prime minister https://t.co/jNoIEHoKGK,16
16,-0.5574,Tue Jun 26 16:28:50 +0000 2018,0.348,0.536,0.116,@BBCWorld,Noura Hussein: Appeals court overturns death sentence https://t.co/RDLgFoYi8J,17
17,-0.4215,Tue Jun 26 16:02:33 +0000 2018,0.205,0.698,0.097,@BBCWorld,"No BBC Sports News Correspondents were harmed in the making of this film üòÄ

Follow the build-up to #NGAARG‚Ä¶ https://t.co/bTg01yQpQS",18
18,0.5859,Tue Jun 26 15:54:27 +0000 2018,0.0,0.881,0.119,@BBCWorld,"RT @BBCSport: FT #AUS 0-2 #PER 

18' ‚öΩ Andre Carrillo
50' ‚öΩ Paolo Guerrero

Peru get their first win at the #WorldCup finals in 40 years. A‚Ä¶",19
19,0.0,Tue Jun 26 15:51:40 +0000 2018,0.0,1.0,0.0,@BBCWorld,"RT @BBCSport: FT: #DEN 0-0 #FRA 

From start to finish, a very slow game - the first goalless draw of the #WorldCup 

Reaction: https://t.c‚Ä¶",20
20,-0.2263,Tue Jun 26 15:49:50 +0000 2018,0.192,0.808,0.0,@BBCWorld,Guernsey airline Waves cancels flights for two months https://t.co/J2GHDGepTK,21
21,0.4939,Tue Jun 26 15:41:08 +0000 2018,0.106,0.674,0.22,@BBCWorld,"RT @BBCSport: The rags to riches story of the man who saved a Cristiano Ronaldo penalty.

Iran goalkeeper Alireza Beiranvand has come a lon‚Ä¶",22
22,-0.0258,Tue Jun 26 15:32:13 +0000 2018,0.189,0.629,0.182,@BBCWorld,Teenager helps deaf and blind man to communicate on flight https://t.co/NK958WcHEj,23
23,0.0,Tue Jun 26 15:25:01 +0000 2018,0.0,1.0,0.0,@BBCWorld,Marree Man: The enduring mystery of a giant outback figure https://t.co/eHf0ujmQIu,24
24,0.0,Tue Jun 26 15:19:53 +0000 2018,0.0,1.0,0.0,@BBCWorld,Ottawa Bluesfest preparations obstructed by nesting bird https://t.co/8WXtcXOyXx,25
25,-0.4404,Tue Jun 26 15:12:14 +0000 2018,0.281,0.576,0.144,@BBCWorld,Ethiopia offers Eritrea chance to end Africa's longest war https://t.co/jkEGxPSfmW,26
26,-0.4767,Tue Jun 26 15:03:43 +0000 2018,0.22,0.78,0.0,@BBCWorld,New Zealand man shot after 'flying to US to attack teenager' https://t.co/7GhI4ljjBk,27
27,0.0,Tue Jun 26 15:03:20 +0000 2018,0.0,1.0,0.0,@BBCWorld,"It's a big day at the World Cup and we've already had a goal

#AUSPER #DENFRA

https://t.co/Ledbaj9Ie4 https://t.co/yhVpPIEfY0",28
28,0.4926,Tue Jun 26 14:55:35 +0000 2018,0.0,0.738,0.262,@BBCWorld,"RT @BBCMonitoring: VAR! What is it good for? #WorldCup
https://t.co/bckchMpWxD",29
29,-0.5574,Tue Jun 26 14:50:28 +0000 2018,0.31,0.69,0.0,@BBCWorld,Trump travel ban: What does this ruling mean? https://t.co/My2sno3EC9,30
30,0.5719,Tue Jun 26 14:47:23 +0000 2018,0.0,0.866,0.134,@BBCWorld,"RT @BBCSport: HT #AUS 0-1 #PER 

18' ‚öΩ Andre Carrillo

A wonderful volley from the Peru winger is the difference at the halfway mark. Austr‚Ä¶",31
31,0.0,Tue Jun 26 14:41:59 +0000 2018,0.0,1.0,0.0,@BBCWorld,Eritrea and Ethiopia open first high-level talks in 20 years https://t.co/tFjP29Yfxo,32
32,-0.7845,Tue Jun 26 14:34:20 +0000 2018,0.398,0.498,0.104,@BBCWorld,"DR Congo's Kasai crisis: War crimes committed by both sides, UN says https://t.co/pNp6LaLcS0",33
33,0.0,Tue Jun 26 14:26:32 +0000 2018,0.273,0.455,0.273,@BBCWorld,US Supreme Court upholds Trump's travel ban https://t.co/gdKK9xrp5i,34
34,-0.2695,Tue Jun 26 14:24:13 +0000 2018,0.09,0.91,0.0,@BBCWorld,"RT @BBCSport: GOAL! #AUS 0-1 #PER

What a strike! Andre Carrillo scores Peru's first goal at a #WorldCup in 36 years.

Follow #AUSPER live‚Ä¶",35
35,0.6705,Tue Jun 26 14:06:48 +0000 2018,0.0,0.744,0.256,@BBCWorld,"""Most people don't talk about organ donations when they're alive, but thankfully Phil did talk about it.""  https://t.co/mkegh8J61p",36
36,-0.3612,Tue Jun 26 12:30:54 +0000 2018,0.293,0.526,0.18,@BBCWorld,Syria war: Government forces make gains in south-west https://t.co/P3RenLLxyw,37
37,-0.4939,Tue Jun 26 11:58:14 +0000 2018,0.262,0.738,0.0,@BBCWorld,'Stolen babies' case: Spanish doctor Vela goes on trial https://t.co/8gFZXKRnWk,38
38,-0.3182,Tue Jun 26 11:53:04 +0000 2018,0.187,0.813,0.0,@BBCWorld,Jane Subachus: Family makes desperate appeal for stem cell donor https://t.co/mlG6ZklUOQ,39
39,0.0,Tue Jun 26 11:31:09 +0000 2018,0.0,1.0,0.0,@BBCWorld,PSNI's Drew Harris appointed Garda commissioner https://t.co/2nEbR5ygac,40
40,-0.8555,Tue Jun 26 11:22:13 +0000 2018,0.42,0.58,0.0,@BBCWorld,Police in South Korea have arrested one of the owners of a notorious revenge porn site https://t.co/pHGMJCrmAp,41
41,0.0,Tue Jun 26 11:19:11 +0000 2018,0.0,1.0,0.0,@BBCWorld,Japan unveils Hello Kitty-themed bullet train https://t.co/mzvzrMvnlE,42
42,-0.7906,Tue Jun 26 11:16:27 +0000 2018,0.318,0.682,0.0,@BBCWorld,"Soldiers in Myanmar have been accused of raping Rohingya women 

This is one woman's story https://t.co/J4GvJOlzah https://t.co/xREMCmcuEe",43
43,-0.4767,Tue Jun 26 11:10:53 +0000 2018,0.154,0.846,0.0,@BBCWorld,"A video of a child apparently getting kidnapped has gone viral in India, leading people to attack strangers

(Cauti‚Ä¶ https://t.co/StN0gEtSU5",44
44,0.0,Tue Jun 26 11:09:32 +0000 2018,0.0,1.0,0.0,@BBCWorld,Papua New Guinea polio outbreak declared https://t.co/oHDsuJ0gEF,45
45,0.5106,Tue Jun 26 10:45:04 +0000 2018,0.0,0.752,0.248,@BBCWorld,Europe migrants: New EU tussle over rescue ship off Malta https://t.co/Rqg1cDQyws,46
46,0.5719,Tue Jun 26 09:31:03 +0000 2018,0.0,0.778,0.222,@BBCWorld,Murray Lambden: Manx walker joins Archibald Knox and Bee Gees in rare honour https://t.co/ZRbVeYP92n,47
47,0.0,Tue Jun 26 09:01:41 +0000 2018,0.0,1.0,0.0,@BBCWorld,"RT @BBCSport: Another day full of footballing greats! #WorldCup 

Watch, read and listen with @BBCSport and @5LiveSport: 

15:00 #AUS v #PE‚Ä¶",48
48,-0.2263,Tue Jun 26 08:42:56 +0000 2018,0.239,0.581,0.181,@BBCWorld,World Cup reporter Julia Guimaraes' fury at on-camera kiss attempt https://t.co/gFZP6zECQ1,49
49,-0.2023,Tue Jun 26 07:08:17 +0000 2018,0.212,0.625,0.163,@BBCWorld,Thai teenage football team trapped in cave may be 'still alive' https://t.co/4Vc0HNEsQL,50
50,0.2732,Tue Jun 26 06:25:12 +0000 2018,0.0,0.741,0.259,@BBCWorld,Philippine President Duterte calls God 'stupid' https://t.co/vwsXHXsWZs,51
51,-0.8709,Tue Jun 26 02:44:11 +0000 2018,0.559,0.441,0.0,@BBCWorld,Benazir Bhutto assassination: 'Most wanted' in murder resurfaces https://t.co/Oubzd8k6Bw,52
52,0.0,Tue Jun 26 02:39:34 +0000 2018,0.0,1.0,0.0,@BBCWorld,Cockatoo identified in 13th Century European book https://t.co/iVzaHOs2XY,53
53,-0.3182,Tue Jun 26 00:39:46 +0000 2018,0.223,0.777,0.0,@BBCWorld,Donald Trump criticises Harley-Davidson for decision over tariffs https://t.co/YP36CLnTYK,54
54,0.0,Tue Jun 26 00:32:09 +0000 2018,0.0,1.0,0.0,@BBCWorld,US astronaut Buzz Aldrin sues his two children for 'misuse of finances' https://t.co/7PFuXzyEDM,55
55,0.6908,Tue Jun 26 00:04:58 +0000 2018,0.0,0.637,0.363,@BBCWorld,Oscars awards body acts to boost diversity with 928 member invitations https://t.co/zQS2C4avCx,56
56,-0.3612,Mon Jun 25 23:41:22 +0000 2018,0.304,0.696,0.0,@BBCWorld,Billy Elliot 'gay propaganda' row exposes purge in Hungary https://t.co/1TkcbgzwNb,57
57,-0.0772,Mon Jun 25 23:38:52 +0000 2018,0.252,0.519,0.23,@BBCWorld,"Big winners, big losers: Kenya's addiction to gambling https://t.co/JCZWcdan7k",58
58,0.0,Mon Jun 25 21:56:48 +0000 2018,0.0,1.0,0.0,@BBCWorld,US border agents halt migrant family prosecutions https://t.co/3NFOVExVAT,59
59,0.7269,Mon Jun 25 21:51:27 +0000 2018,0.0,0.621,0.379,@BBCWorld,Is it fair for a politician to use Tinder to win votes? https://t.co/HJ75gGbGbQ,60
60,0.0,Mon Jun 25 21:29:35 +0000 2018,0.097,0.805,0.097,@BBCWorld,"RT @BBCSteveR: After Russia lost 3:0 to Uruguay, this was the reaction in the Samara fan zone. Camera: @mattgodtv Producer: @BBCWillVernon‚Ä¶",61
61,0.5106,Mon Jun 25 20:01:30 +0000 2018,0.0,0.677,0.323,@BBCWorld,Trump to Waters: 'Be careful what you wish for Max' https://t.co/XlyOeoiCGf,62
62,-0.204,Mon Jun 25 20:01:30 +0000 2018,0.262,0.586,0.152,@BBCWorld,"RT @BBCSport: FULL TIME: #IRN 1-1 #POR.

An absolutely remarkable game. Ansarifard's controversial late penalty cancels out Ricardo Quaresm‚Ä¶",63
63,0.0,Mon Jun 25 20:00:19 +0000 2018,0.0,1.0,0.0,@BBCWorld,An extraordinary denouement to Group B https://t.co/z9oTdgUMW0,64
64,0.6114,Mon Jun 25 19:56:35 +0000 2018,0.0,0.815,0.185,@BBCWorld,"RT @BBCSport: FT: #ESP 2-2 #MAR 

Dramatic finish! Iago Aspas' classy flick has sealed a point - and Spain's place at the top of Group B (f‚Ä¶",65
65,-0.7074,Mon Jun 25 19:53:36 +0000 2018,0.236,0.708,0.055,@BBCWorld,"RT @BBCSport: GOAL! Iran 1-1 Portugal. 

Ansarifard makes no mistake from the spot! Right in the top corner. No saving that!

üñ• @BBCOne
üíª h‚Ä¶",66
66,0.0,Mon Jun 25 19:51:22 +0000 2018,0.0,1.0,0.0,@BBCWorld,"RT @BBCSport: GOAL!

Iago Aspas initially had a cheeky flick ruled out for offside... but VAR has changed everything! 

#ESP 2-2 #MAR 

Liv‚Ä¶",67
67,0.0,Mon Jun 25 19:43:53 +0000 2018,0.0,1.0,0.0,@BBCWorld,"RT @BBCSport: GOAL!

Drama!

Youssef En-Nesyri nods Morocco into the lead!

#ESP 1-2 #MAR

Live: https://t.co/AXu6R7tBE7 #WorldCup #bbcworl‚Ä¶",68
68,-0.128,Mon Jun 25 19:37:54 +0000 2018,0.158,0.842,0.0,@BBCWorld,Argentina strike against austerity brings country to a halt https://t.co/WoGXdKTI9s,69
69,-0.555,Mon Jun 25 18:46:23 +0000 2018,0.135,0.865,0.0,@BBCWorld,"RT @BBCSport: GOAL! Iran 0-1 Portugal. 

A moment of magic just before the break! Outside of the right foot from outside the penalty area f‚Ä¶",70
70,-0.4588,Mon Jun 25 18:40:45 +0000 2018,0.273,0.727,0.0,@BBCWorld,Tourists banned from Malaysia mosque after provocative dance https://t.co/BLRqWwof3Z,71
71,0.0,Mon Jun 25 18:26:18 +0000 2018,0.0,1.0,0.0,@BBCWorld,"RT @BBCSport: GOAL!

That didn't last long! 

Spain work their way through and Isco rifles into the roof of the net.

#ESP 1-1 #MAR 

üì∫ @BB‚Ä¶",72
72,0.0,Mon Jun 25 18:17:46 +0000 2018,0.0,1.0,0.0,@BBCWorld,"RT @BBCSport: GOAL!

Khalid Boutaib slots in the opener!

Grab the popcorn...

#ESP 0-1 #MAR 

üì∫ @BBCFOUR
üì± https://t.co/AXu6R7tBE7 

#Worl‚Ä¶",73
73,-0.6486,Mon Jun 25 18:05:28 +0000 2018,0.35,0.65,0.0,@BBCWorld,California scientist shot dead while camping with daughters https://t.co/bSSixkPYAu,74
74,-0.5994,Mon Jun 25 17:43:12 +0000 2018,0.17,0.83,0.0,@BBCWorld,"RT @BBCSport: The Egyptian FA says there's ""no problem"" between it and Mo Salah, amid reports their star player could be set to quit the na‚Ä¶",75
75,-0.4588,Mon Jun 25 17:35:02 +0000 2018,0.3,0.7,0.0,@BBCWorld,Venezuela vice-president Delcy Rodr√≠guez banned from EU https://t.co/cYILX6Fz3d,76
76,-0.4585,Mon Jun 25 17:32:35 +0000 2018,0.231,0.769,0.0,@BBCWorld,World Cup 2018: The dos and don'ts of celebrating a goal https://t.co/2pqi4aYuOB,77
77,-0.3612,Mon Jun 25 17:02:14 +0000 2018,0.238,0.762,0.0,@BBCWorld,Chinese villagers give up coffins in funeral reform https://t.co/fuTawHJfAI,78
78,0.0,Mon Jun 25 16:57:11 +0000 2018,0.0,1.0,0.0,@BBCWorld,Pentagon: Two military bases to house migrants https://t.co/w9lmbULusb,79
79,0.0,Mon Jun 25 16:46:53 +0000 2018,0.0,1.0,0.0,@BBCWorld,David Goldblatt: South Africa's chronicler of life under apartheid https://t.co/qq8ELyRbzd,80
80,-0.128,Mon Jun 25 16:30:22 +0000 2018,0.242,0.545,0.212,@BBCWorld,Laura Ingalls Wilder removed from book award over racist language https://t.co/1hz365U2mO,81
81,-0.7906,Mon Jun 25 16:17:51 +0000 2018,0.467,0.533,0.0,@BBCWorld,Zimbabwe Bulawayo blast: Two die after attack on Mnangagwa https://t.co/aXrJ3tNFdp,82
82,0.0,Mon Jun 25 16:14:37 +0000 2018,0.0,1.0,0.0,@BBCWorld,"RT @BBCSport: And it's the last kick of the game!

FT: #KSA 2-1 #EGY 

Reaction: https://t.co/hQb3Q8e3rX #bbcworldcup #WorldCup #KSAEGY htt‚Ä¶",83
83,-0.4019,Mon Jun 25 16:04:22 +0000 2018,0.213,0.787,0.0,@BBCWorld,Iran fans try to disturb Portugal team before key match https://t.co/ngQPLsPUBl,84
84,0.7579,Mon Jun 25 15:55:38 +0000 2018,0.0,0.737,0.263,@BBCWorld,"RT @BBCSport: Full time: Uruguay 3-0 Russia. 

#URU top the group after an impressive display to beat the hosts. They will play the runner-‚Ä¶",85
85,0.2695,Mon Jun 25 15:52:37 +0000 2018,0.093,0.77,0.137,@BBCWorld,"RT @BBCSport: GOAL! Uruguay 3-0 Russia. 

There's another! Edinson Cavani pounces on a loose ball after Diego Godin's header was saved. Tha‚Ä¶",86
86,-0.7351,Mon Jun 25 15:49:10 +0000 2018,0.437,0.563,0.0,@BBCWorld,Le Marais man jailed for sexually abusing four girls https://t.co/cqhIaNDu1C,87
87,0.0,Mon Jun 25 15:44:16 +0000 2018,0.0,1.0,0.0,@BBCWorld,Germany burkinis: Minister says garments should be allowed in schools https://t.co/jt8UrjKZYc,88
88,0.4939,Mon Jun 25 15:24:01 +0000 2018,0.0,0.738,0.262,@BBCWorld,Phillip Hancock: Rare foreign organ donor praised in China https://t.co/hcEzAhnUNL,89
89,-0.4404,Mon Jun 25 15:16:15 +0000 2018,0.244,0.756,0.0,@BBCWorld,Former Nato chief Javier Solana denied US visa waiver https://t.co/9sL4artMKx,90
90,0.0,Mon Jun 25 15:01:23 +0000 2018,0.0,1.0,0.0,@BBCWorld,Turkey country profile https://t.co/xoERzuQNDb,91
91,-0.1007,Mon Jun 25 14:54:34 +0000 2018,0.126,0.764,0.111,@BBCWorld,"RT @BBCSport: GOAL!

Another penalty for Saudi Arabia, and this time it's converted thanks to Salman Al-Faraj. 

#KSA 1-1 #EGY 

#KSAEGY li‚Ä¶",92
92,0.2714,Mon Jun 25 14:46:00 +0000 2018,0.111,0.738,0.151,@BBCWorld,"RT @BBCSport: What a moment!

Essam El-Hadary, on the day he becomes the oldest ever #WorldCup player, has pulled off a brilliant penalty s‚Ä¶",93
93,0.555,Mon Jun 25 14:31:49 +0000 2018,0.0,0.86,0.14,@BBCWorld,"RT @BBCSport: GOAL!

That's the Mo Salah we know!

He gives Egypt the lead with a clever chip.

#KSA 0-1 #EGY 

#KSAEGY live: https://t.co/‚Ä¶",94
94,0.1759,Mon Jun 25 14:26:37 +0000 2018,0.0,0.937,0.063,@BBCWorld,"RT @BBCSport: GOAL! Uruguay 2-0 Russia. 

The corner is cleared as far as Diego Laxalt who fires it back in. It gets a big deflection and f‚Ä¶",95
95,-0.6588,Mon Jun 25 14:12:13 +0000 2018,0.197,0.803,0.0,@BBCWorld,"RT @BBCSport: GOAL! Uruguay 1-0 Russia. 

Luis Suarez rifles home a low free-kick from just outside the penalty area to give his side the l‚Ä¶",96
96,0.7351,Mon Jun 25 14:07:45 +0000 2018,0.0,0.721,0.279,@BBCWorld,"RT @BBCSport: Pride is at stake...

Who's ending their #WorldCup campaign with a win?

#KSAEGY live: https://t.co/hQb3Q8e3rX #bbcworldcup h‚Ä¶",97
97,0.0,Mon Jun 25 14:07:38 +0000 2018,0.0,1.0,0.0,@BBCWorld,"RT @BBCSport: Underway between #URU and #RUS. 
Follow live here ‚¨á
https://t.co/2sTrPAkX1Y
#bbcworldcup #worldcup #URU #RUS #URURUS https://‚Ä¶",98
98,-0.34,Mon Jun 25 13:19:00 +0000 2018,0.194,0.806,0.0,@BBCWorld,Rotterdam oil spill: Hundreds of birds hit after Dutch leak https://t.co/gWYfwfIquI,99
99,0.7579,Mon Jun 25 12:23:15 +0000 2018,0.0,0.764,0.236,@BBCWorld,"RT @BBCSteveR: We‚Äôre in Samara for Russia v Uruguay. After 2 wins out of 2, the Russians are hoping their #WorldCup  will be a launchpad to‚Ä¶",100
100,-0.4019,Tue Jun 26 22:17:01 +0000 2018,0.124,0.876,0.0,@CBSNews,Bank of America allegedly is neglecting basic upkeep of foreclosed homes in black and Latino neighborhoods in 37 ci‚Ä¶ https://t.co/XG17Tjq3AU,1
101,-0.9169,Tue Jun 26 22:00:58 +0000 2018,0.446,0.554,0.0,@CBSNews,"The NYPD made an eighth arrest in the fatal stabbing of a Bronx teenager, who was brutally attacked outside a deli‚Ä¶ https://t.co/JmCkzZCqOv",2
102,0.0,Tue Jun 26 21:45:30 +0000 2018,0.0,1.0,0.0,@CBSNews,"HHS official says 2,047 children who were separated from their families under  President Trump's ""zero-tolerance po‚Ä¶ https://t.co/hGsLTac02S",3
103,0.0,Tue Jun 26 21:30:56 +0000 2018,0.149,0.702,0.149,@CBSNews,"In its decision to uphold the travel ban, the Supreme Court also repudiated a long-discredited ruling that stood un‚Ä¶ https://t.co/lvMfXsnNQN",4
104,0.0,Tue Jun 26 21:15:44 +0000 2018,0.0,1.0,0.0,@CBSNews,"Authorities are responding to reports of a ""very large"" explosion near a hospital in Gatesville, Texas, local offic‚Ä¶ https://t.co/8qmlgt7DO8",5
105,-0.296,Tue Jun 26 20:59:56 +0000 2018,0.099,0.901,0.0,@CBSNews,Man opens Reese's Peanut Butter Cup and finds no peanut butter inside -- a few weeks later he got another surprise‚Ä¶ https://t.co/6OPw4mFeV5,6
106,0.0,Tue Jun 26 20:44:49 +0000 2018,0.0,1.0,0.0,@CBSNews,"Anonymous and provocative street artist Banksy appears to have left his mark on Paris, painting several new works t‚Ä¶ https://t.co/5bfFDxHQM4",7
107,-0.4939,Tue Jun 26 20:41:56 +0000 2018,0.176,0.824,0.0,@CBSNews,"Possible explosion, partial collapse reported at hospital in Gatesville, Texas, according to CBS News affiliate‚Ä¶ https://t.co/SruV9PapeM",8
108,0.0,Tue Jun 26 20:29:51 +0000 2018,0.0,1.0,0.0,@CBSNews,"Seventeen states, including Washington, New York and California, sued President Trump's administration in an effort‚Ä¶ https://t.co/AZPmYQCYc4",9
109,-0.4767,Tue Jun 26 20:12:45 +0000 2018,0.154,0.846,0.0,@CBSNews,"David Lynch believes pro-Trump comments were taken out of context, says president is ""causing suffering and divisio‚Ä¶ https://t.co/oK5mRVRKaz",10
110,0.5423,Tue Jun 26 20:03:08 +0000 2018,0.129,0.594,0.277,@CBSNews,"President Trump hands Medal of Honor to World War II veteran Lt. Garlin Conner's widow, who accepted it on his beha‚Ä¶ https://t.co/v4Rz5kHvip",11
111,-0.1832,Tue Jun 26 19:54:38 +0000 2018,0.26,0.506,0.234,@CBSNews,"""Lieutenant Connor's courageous actions killed roughly 50 German soldiers, injured 100 more and saved so many Ameri‚Ä¶ https://t.co/7YV6ADckiy",12
112,0.34,Tue Jun 26 19:44:04 +0000 2018,0.143,0.625,0.232,@CBSNews,"WATCH NOW: President Trump presents Medal of Honor posthumously to Army 1st Lt. Garlin Conner, a World War II veter‚Ä¶ https://t.co/NRjWanaetP",13
113,0.0,Tue Jun 26 19:32:04 +0000 2018,0.0,1.0,0.0,@CBSNews,Restaurants bearing some version of the Red Hen name are trying to distance themselves from the decision by one bus‚Ä¶ https://t.co/C2GoDwQWJo,14
114,0.0,Tue Jun 26 19:09:44 +0000 2018,0.0,1.0,0.0,@CBSNews,Flamingo that escaped a Kansas zoo in 2005 has been spotted in Texas https://t.co/kuFqGzK3gS https://t.co/jElF6uQ1CE,15
115,-0.6249,Tue Jun 26 18:35:31 +0000 2018,0.221,0.779,0.0,@CBSNews,"WATCH: A Kangaroo interrupted a soccer game in Australia and when he got tired of being goalie, he decided to loung‚Ä¶ https://t.co/P43waOVnS9",16
116,0.0,Tue Jun 26 18:14:38 +0000 2018,0.0,1.0,0.0,@CBSNews,"Buzz Aldrin sues two of his children, alleging misuse of his finances and slander https://t.co/LoBCP0fCDQ https://t.co/N7AyqMRHri",17
117,-0.5859,Tue Jun 26 17:54:32 +0000 2018,0.244,0.688,0.069,@CBSNews,Escort Alix Tichelman describes death of Google executive aboard his yacht https://t.co/xoWNOdPdLx https://t.co/7ecPHQEXad,18
118,-0.6249,Tue Jun 26 17:35:19 +0000 2018,0.221,0.779,0.0,@CBSNews,"WATCH: A Kangaroo interrupted a soccer game in Australia and when he got tired of being goalie, he decided to loung‚Ä¶ https://t.co/NQ75I4wrSs",19
119,0.7269,Tue Jun 26 17:33:39 +0000 2018,0.0,0.736,0.264,@CBSNews,"RT @CBSThisMorning: WATCH: Comedian @RealTracyMorgan reflects on his life and sends a heartfelt message to his 6-year-old self.

üì∫See more‚Ä¶",20
120,-0.6908,Tue Jun 26 17:14:50 +0000 2018,0.363,0.637,0.0,@CBSNews,"Heather Locklear arrested for allegedly battering police officer, emergency personnel https://t.co/zvSO2hWI7h https://t.co/5iNnZ3EsyH",21
121,-0.34,Tue Jun 26 17:05:38 +0000 2018,0.226,0.639,0.135,@CBSNews,"The Supreme Court's ruling ""shows the attacks from the media and the Democrat politicians are wrong, and they turne‚Ä¶ https://t.co/jnfo7Co2Jg",22
122,0.5574,Tue Jun 26 17:04:09 +0000 2018,0.0,0.833,0.167,@CBSNews,"WATCH: President Trump attends lunch with congressional lawmakers, where he's expected to weigh in on the Supreme C‚Ä¶ https://t.co/FuZbPX3dvG",23
123,0.0,Tue Jun 26 16:54:39 +0000 2018,0.0,1.0,0.0,@CBSNews,"Sean Spicer TV show, ""Sean Spicer's Common Ground,"" in the works https://t.co/bf0s9xNmWa https://t.co/iIo66KxQAX",24
124,0.0,Tue Jun 26 16:34:56 +0000 2018,0.0,1.0,0.0,@CBSNews,"Years ago, a royal helped a couple survive the Holocaust. Today, Prince William met with their descendants.‚Ä¶ https://t.co/Zix2KKC3Cy",25
125,0.296,Tue Jun 26 16:14:42 +0000 2018,0.2,0.455,0.345,@CBSNews,"""Jurassic World"" star Chris Pratt surprises charity screening benefitting kids with cancer https://t.co/Q2QERry5TR https://t.co/1HNV3iwoCX",26
126,0.5574,Tue Jun 26 15:30:06 +0000 2018,0.0,0.825,0.175,@CBSNews,WATCH LIVE: The Council on American‚ÄìIslamic Relations is holding a press conference to react to the Supreme Court's‚Ä¶ https://t.co/7yQgYZNFEt,27
127,0.0,Tue Jun 26 15:23:25 +0000 2018,0.0,1.0,0.0,@CBSNews,WATCH: Vice President Mike Pence is meeting with the president of Brazil; the leaders are expected to discuss immig‚Ä¶ https://t.co/fk5VSnM0jV,28
128,-0.6705,Tue Jun 26 14:59:35 +0000 2018,0.22,0.78,0.0,@CBSNews,Second shooting at California state park where dad was killed while camping with his young daughters‚Ä¶ https://t.co/Xenquvq7S7,29
129,-0.4767,Tue Jun 26 14:52:03 +0000 2018,0.154,0.846,0.0,@CBSNews,"""We are disappointed to hear about today's ruling,"" says Harris Zafar, a spokesman for the Ahmadiyya Muslim Communi‚Ä¶ https://t.co/YOdIeljqHe",30
130,0.0,Tue Jun 26 14:46:15 +0000 2018,0.188,0.625,0.188,@CBSNews,"NEW: President Trump tweets after Supreme Court upholds his administration's travel ban: ""Wow!""‚Ä¶ https://t.co/WpRSSBnz30",31
131,0.2732,Tue Jun 26 14:34:03 +0000 2018,0.132,0.659,0.209,@CBSNews,"""I don't think this decision is a surprise. The Supreme Court in December allowed the travel ban to take effect, wh‚Ä¶ https://t.co/O4oSYgTAfq",32
132,0.5574,Tue Jun 26 14:29:27 +0000 2018,0.0,0.833,0.167,@CBSNews,"The White House has not yet reacted officially to the Supreme Court's decision on President Trump's travel ban,‚Ä¶ https://t.co/duXnPT45Kr",33
133,0.5574,Tue Jun 26 14:27:24 +0000 2018,0.0,0.841,0.159,@CBSNews,The Supreme Court ‚Äúis saying that¬†presidents get that deference¬†and this decision signals that¬†they will not carve‚Ä¶ https://t.co/5qVJTyFsLh,34
134,0.774,Tue Jun 26 14:25:11 +0000 2018,0.0,0.687,0.313,@CBSNews,"""This is really the most significant¬†legal test of the Trump¬†presidency,"" @JanCBS reports on the Supreme Court's de‚Ä¶ https://t.co/sFoiBhsgHL",35
135,0.0,Tue Jun 26 14:21:15 +0000 2018,0.132,0.735,0.132,@CBSNews,JUST IN: The Supreme Court has sided with President Trump on his travel ban on immigrants entering the U.S. from so‚Ä¶ https://t.co/7tSXKCjz1P,36
136,0.1027,Tue Jun 26 14:16:05 +0000 2018,0.056,0.873,0.071,@CBSNews,"Hard numbers:
‚ñ™Ô∏è 813: The population of China‚Äôs cities has quintupled since 1908 ‚Äî reaching 813M people today
‚ñ™Ô∏è 43‚Ä¶ https://t.co/1n6sSGGLBQ",37
137,-0.5622,Tue Jun 26 14:14:51 +0000 2018,0.249,0.751,0.0,@CBSNews,"WARNING: Rattlesnakes could be lurking in your pool noodles, Arizona officials caution all pool owners‚Ä¶ https://t.co/Q44HsDXRxz",38
138,0.0,Tue Jun 26 14:10:26 +0000 2018,0.0,1.0,0.0,@CBSNews,Turkish President Erdogan now has sweeping new¬†executive powers entering his¬†second term.¬†Opponents slammed the win‚Ä¶ https://t.co/t4BPoau3ni,39
139,0.7227,Tue Jun 26 14:03:09 +0000 2018,0.0,0.806,0.194,@CBSNews,"Derek Jeter turns 44 today. But for baseball fans, he doesn‚Äôt look a day over 2.  Happy birthday to the Yankee grea‚Ä¶ https://t.co/gxQy68LvHD",40
140,-0.0258,Tue Jun 26 13:45:33 +0000 2018,0.116,0.773,0.111,@CBSNews,President Trump is denying that his trade policy is responsible for Harley-Davidson's decision to shift some motorc‚Ä¶ https://t.co/x5LXQJhVo7,41
141,0.3182,Tue Jun 26 13:30:33 +0000 2018,0.0,0.905,0.095,@CBSNews,The price of Jack Daniel's Tennessee Whiskey will increase in the EU because of the impact of the bloc's new 25% ta‚Ä¶ https://t.co/5wU0DN6JTC,42
142,-0.5256,Tue Jun 26 13:14:55 +0000 2018,0.152,0.848,0.0,@CBSNews,"The U.S. is now ranked among the 10 nations considered to be the most dangerous for women, experts say:‚Ä¶ https://t.co/ak9YIrGWg7",43
143,-0.6705,Tue Jun 26 13:04:25 +0000 2018,0.164,0.836,0.0,@CBSNews,RT @CBSThisMorning: The suicide rate is on the rise in this country. This month's deaths of designer Kate Spade and chef Anthony Bourdain g‚Ä¶,44
144,-0.5859,Tue Jun 26 13:00:27 +0000 2018,0.286,0.714,0.0,@CBSNews,"WATCH: A flamethrower drone shoots fire to remove debris on a power line üî•
https://t.co/loneunGMks https://t.co/SGWE2JiqOc",45
145,0.3477,Tue Jun 26 12:40:37 +0000 2018,0.109,0.721,0.17,@CBSNews,Republicans are so far at a loss on how to find a legislative fix to the country's outstanding immigration problems‚Ä¶ https://t.co/SKErUqdvlc,46
146,0.5859,Tue Jun 26 12:29:29 +0000 2018,0.073,0.682,0.245,@CBSNews,Doctors using the polio virus to treat aggressive brain tumors called glioblastomas report promising results. Of 61‚Ä¶ https://t.co/pOHmWTuPio,47
147,0.0,Tue Jun 26 12:20:02 +0000 2018,0.0,1.0,0.0,@CBSNews,"WATCH: A squirrel stole a donut from a cop in Anchorage and the heist was caught on camera. ""That's a straight-up f‚Ä¶ https://t.co/ifLKmjDsxn",48
148,0.0,Tue Jun 26 12:17:30 +0000 2018,0.0,1.0,0.0,@CBSNews,Prince William is in Israel on Tuesday morning for the first official visit by British royalty: https://t.co/KEvQJnrkuF,49
149,0.1531,Tue Jun 26 12:15:36 +0000 2018,0.117,0.696,0.187,@CBSNews,A 17-year-old made a stunning escape from a plane crash in Detroit. Dramatic video shows the teen rolling out of th‚Ä¶ https://t.co/6aK0Kr105I,50
150,-0.4404,Tue Jun 26 12:12:49 +0000 2018,0.157,0.843,0.0,@CBSNews,"When Sarah Sanders was asked to leave the Red Hen in Lexington, Va., it led to trouble for other restaurants with t‚Ä¶ https://t.co/UPETDTadSv",51
151,0.0,Tue Jun 26 12:09:35 +0000 2018,0.0,1.0,0.0,@CBSNews,.@CBSEveningNews‚Äô @JeffGlor spoke with a group of voters in California to discuss the increasingly heated rhetoric‚Ä¶ https://t.co/Ip8MdswQdU,52
152,0.4939,Tue Jun 26 12:00:02 +0000 2018,0.0,0.833,0.167,@CBSNews,Firefighters lend a hand -- and hose -- to family filling pool on hot summer day https://t.co/nCNBZ4yFda https://t.co/h0269UUJ3P,53
153,-0.5256,Tue Jun 26 11:46:23 +0000 2018,0.129,0.871,0.0,@CBSNews,"RT @CBSThisMorning: ‚û°Ô∏è A new Thomson Reuters survey reveals India is the world's most dangerous country for women

‚û°Ô∏è  New study shows babi‚Ä¶",54
154,0.2023,Tue Jun 26 11:44:49 +0000 2018,0.0,0.859,0.141,@CBSNews,Two paint manufacturers that want to wipe out potentially hundreds of millions of dollars in legal obligations coul‚Ä¶ https://t.co/BpkYWg21IS,55
155,-0.3818,Tue Jun 26 11:40:14 +0000 2018,0.133,0.867,0.0,@CBSNews,The fight between the two Republicans is the most closely watched race in New York's congressional primaries:‚Ä¶ https://t.co/gzdBpOCT9I,56
156,-0.6705,Tue Jun 26 11:36:43 +0000 2018,0.209,0.791,0.0,@CBSNews,Los Angeles sheriffs confirm a second shooting at Malibu Creek State Park where Tristan Beaudette was killed early‚Ä¶ https://t.co/duH0fbKNmH,57
157,-0.7964,Tue Jun 26 11:19:34 +0000 2018,0.307,0.693,0.0,@CBSNews,A 14-year-old boy from Texas was killed Monday during severe weather when a tree fell at a By Scout camp‚Ä¶ https://t.co/Imh16NtZEV,58
158,-0.3818,Tue Jun 26 11:18:34 +0000 2018,0.126,0.874,0.0,@CBSNews,"A rising trade fight between the U.S. and its economic allies led to big selloffs on Wall Street. Harley-Davidson,‚Ä¶ https://t.co/IElVv79Un5",59
159,-0.5574,Tue Jun 26 11:13:32 +0000 2018,0.204,0.796,0.0,@CBSNews,President Trump is warning one of his loudest critics in Congress who says his Cabinet members should be confronted‚Ä¶ https://t.co/66oApkC6Kf,60
160,0.0,Tue Jun 26 11:09:38 +0000 2018,0.0,1.0,0.0,@CBSNews,We're learning new details about the daily lives of the more than 300 teens being held in government centers at the‚Ä¶ https://t.co/p1dzydiCWJ,61
161,-0.4404,Tue Jun 26 11:06:21 +0000 2018,0.139,0.861,0.0,@CBSNews,President Trump is ramping up his attacks on undocumented immigrants and lashing out at political opponents. The pr‚Ä¶ https://t.co/Pz4UEisKHR,62
162,-0.6597,Tue Jun 26 11:00:14 +0000 2018,0.239,0.761,0.0,@CBSNews,"Farmers in America are killing themselves in staggering numbers, according to the CDC: https://t.co/aDrVIKGMYz https://t.co/cjVfDUG3yf",63
163,0.0,Tue Jun 26 10:50:16 +0000 2018,0.0,1.0,0.0,@CBSNews,RT @CBSThisMorning: WATCH: Take a look at what's coming up on @CBSThisMorning. https://t.co/jq8S0JQbZl,64
164,0.4019,Tue Jun 26 10:39:30 +0000 2018,0.0,0.803,0.197,@CBSNews,"Former President George H.W. Bush welcomes service dog, named ""Sully"" https://t.co/FeO6qnbuqd https://t.co/lyhJwm7JiK",65
165,0.0,Tue Jun 26 10:29:38 +0000 2018,0.0,1.0,0.0,@CBSNews,"AHEAD: @CBSThisMorning takes a closer look at a border shelter facility described as ""a strict and structured camp.‚Ä¶ https://t.co/5KVv6iLrNu",66
166,-0.6705,Tue Jun 26 10:25:01 +0000 2018,0.176,0.824,0.0,@CBSNews,There were more than twice as many suicide deaths in the U.S. as there were homicide deaths in 2016. Ahead on‚Ä¶ https://t.co/2N2ZesNsK0,67
167,-0.8316,Tue Jun 26 10:19:50 +0000 2018,0.341,0.659,0.0,@CBSNews,"Police say a knife-wielding man slashed and killed an officer in a local police station, took the man's gun and fat‚Ä¶ https://t.co/cgKbRgBrvs",68
168,-0.296,Tue Jun 26 10:03:03 +0000 2018,0.121,0.879,0.0,@CBSNews,White House press secretary Sarah Sanders is receiving backlash for posting a complaint about a restaurant on Twitt‚Ä¶ https://t.co/0GkDtDDQDt,69
169,-0.5106,Tue Jun 26 09:48:03 +0000 2018,0.231,0.769,0.0,@CBSNews,Outcry after woman calls police on little girl selling water https://t.co/0E7Vi3IRxz https://t.co/gJqMYsCTYs,70
170,0.0,Tue Jun 26 09:33:03 +0000 2018,0.0,1.0,0.0,@CBSNews,Backyard chickens rule the roost in Silicon Valley https://t.co/KUXTySHKD9 https://t.co/sOx0PNdSbf,71
171,0.2732,Tue Jun 26 09:18:04 +0000 2018,0.0,0.851,0.149,@CBSNews,Trump supporter defends administration for separating children from parents at border https://t.co/81cqXNy0Vj https://t.co/X2qlZtF8Mb,72
172,-0.7506,Tue Jun 26 09:03:05 +0000 2018,0.481,0.519,0.0,@CBSNews,Tech workers protest government ties as migrant conflict rages https://t.co/iAbGjCMwhL https://t.co/ftmALj6Peg,73
173,-0.0227,Tue Jun 26 08:48:04 +0000 2018,0.233,0.539,0.228,@CBSNews,GOP Senate candidate says Civil War wasn't about slavery https://t.co/piGOeqalOJ https://t.co/0gCCQjymWM,74
174,0.0,Tue Jun 26 08:33:03 +0000 2018,0.0,1.0,0.0,@CBSNews,Asylum applicant seeks news of separated 3-year-old granddaughter https://t.co/f97aBQ06z0 https://t.co/l7q7hPnNNW,75
175,-0.7783,Tue Jun 26 08:18:06 +0000 2018,0.362,0.638,0.0,@CBSNews,"Factory workers lose jobs as steel tariffs put business in ""crisis mode"" https://t.co/6YY8SVhIqD https://t.co/Hktfw3ojeF",76
176,0.4019,Tue Jun 26 08:03:05 +0000 2018,0.0,0.722,0.278,@CBSNews,Brigitte Nielsen welcomes daughter at 54 https://t.co/hCQR6liw9d https://t.co/GfwJqwOYq9,77
177,-0.6705,Tue Jun 26 07:48:03 +0000 2018,0.273,0.727,0.0,@CBSNews,Scientist killed while camping with daughters at Malibu Creek State Park https://t.co/EsMyx1BgDf https://t.co/ELZXUIY5Yp,78
178,-0.0258,Tue Jun 26 07:33:04 +0000 2018,0.148,0.71,0.142,@CBSNews,Cop helping evacuees loses home as thousands flee massive California wildfire https://t.co/HNRuMqj8fB https://t.co/KNGDiEXudL,79
179,-0.2263,Tue Jun 26 07:18:04 +0000 2018,0.209,0.791,0.0,@CBSNews,"Rattlesnakes could be lurking in your pool noodles, Arizona officials warn https://t.co/jYiKZig4Xy https://t.co/eAgAd9c38h",80
180,0.0,Tue Jun 26 07:03:04 +0000 2018,0.0,1.0,0.0,@CBSNews,Teen was 42nd child to flee network of migrant shelters along border since October https://t.co/e6nGv8zKG2 https://t.co/DvvYWJIW6X,81
181,0.0,Tue Jun 26 06:48:04 +0000 2018,0.0,1.0,0.0,@CBSNews,"Jimmy Fallon takes action after Donald Trump tells him to ""be a man"" over hair-tousling https://t.co/PGijIhlwOu https://t.co/4O3iNqWXww",82
182,-0.3818,Tue Jun 26 06:33:03 +0000 2018,0.206,0.794,0.0,@CBSNews,Kids overdosing on meds meant to fight opioid addiction https://t.co/nnBYJXNjB2 https://t.co/yG2Ce7XxAR,83
183,-0.0258,Tue Jun 26 06:18:04 +0000 2018,0.217,0.571,0.211,@CBSNews,English bulldog named Zsa Zsa wins World's Ugliest Dog title https://t.co/AY9ykZzYtu https://t.co/Dlvkr06fPB,84
184,-0.8316,Tue Jun 26 06:03:03 +0000 2018,0.557,0.443,0.0,@CBSNews,Suspect arrested in fatal shooting of California firefighter https://t.co/q14rioEpsf https://t.co/loSM5CtCx6,85
185,0.0516,Tue Jun 26 05:48:04 +0000 2018,0.118,0.755,0.127,@CBSNews,"""A teacher to the end"" makes final request for her funeral as a way to help students https://t.co/aPJS1ypRm7 https://t.co/9fBiFV6EgW",86
186,0.0,Tue Jun 26 05:33:03 +0000 2018,0.0,1.0,0.0,@CBSNews,Voters weigh in on Sarah Sanders' restaurant controversy https://t.co/XY48YfUw2Y https://t.co/R5W0iQsUDl,87
187,-0.296,Tue Jun 26 05:18:03 +0000 2018,0.214,0.649,0.136,@CBSNews,"Philippine President Rodrigo Duterte sparks outrage by calling God ""stupid"" https://t.co/cBUFWtklFF https://t.co/MijMDpDH0R",88
188,-0.6637,Tue Jun 26 05:03:04 +0000 2018,0.352,0.648,0.0,@CBSNews,"""Mass hysteria"" at e-cigarette plant as almost 30 fall ill https://t.co/gmXPlfFTHm https://t.co/XI1e0Xz3L1",89
189,-0.5106,Tue Jun 26 04:48:03 +0000 2018,0.231,0.769,0.0,@CBSNews,Outcry after woman calls police on little girl selling water https://t.co/5WxQiaO6b6 https://t.co/MEF9ymbPJs,90
190,0.0,Tue Jun 26 04:33:03 +0000 2018,0.0,1.0,0.0,@CBSNews,"2018 World Cup: Schedule, scores and updates for Monday's matches https://t.co/3eGnkfAyNH https://t.co/N1FJeb64Iz",91
191,0.0,Tue Jun 26 04:18:05 +0000 2018,0.0,1.0,0.0,@CBSNews,"Trump slams ""filthy"" restaurant that kicked out Sarah Sanders https://t.co/DCUVVyhTXQ https://t.co/o7e1Widf9T",92
192,0.2732,Tue Jun 26 04:03:04 +0000 2018,0.0,0.851,0.149,@CBSNews,Trump supporter defends administration for separating children from parents at border https://t.co/BUbL1H7BEd https://t.co/eYQ8kaYoRG,93
193,-0.0227,Tue Jun 26 03:48:04 +0000 2018,0.233,0.539,0.228,@CBSNews,GOP Senate candidate says Civil War wasn't about slavery https://t.co/AbvGH6Mkjp https://t.co/KPJWkk6IHI,94
194,-0.7783,Tue Jun 26 03:33:05 +0000 2018,0.362,0.638,0.0,@CBSNews,"Factory workers lose jobs as steel tariffs put business in ""crisis mode"" https://t.co/eTlzthAqJ0 https://t.co/yyTP6vzgZH",95
195,-0.6705,Tue Jun 26 03:18:03 +0000 2018,0.273,0.727,0.0,@CBSNews,Scientist killed while camping with daughters at Malibu Creek State Park https://t.co/071YQC4yAX https://t.co/Wzd1UGERXP,96
196,0.0,Tue Jun 26 03:03:03 +0000 2018,0.0,1.0,0.0,@CBSNews,"Commentary: The message ""86-ing"" Sarah Sanders sent to conservatives https://t.co/qgnxZHtn0j https://t.co/PiIDXpZONK",97
197,-0.8126,Tue Jun 26 02:39:36 +0000 2018,0.344,0.656,0.0,@CBSNews,"""He's missed a lot in this decade"": Man framed in police corruption scandal released from prison after 10 years‚Ä¶ https://t.co/N2ZECs7ZSR",98
198,-0.1531,Tue Jun 26 02:19:42 +0000 2018,0.091,0.909,0.0,@CBSNews,"Sarah Sanders' Virginia restaurant encounter kicks off debate about confronting Trump allies, with the Democrats di‚Ä¶ https://t.co/eW4Di6HM4K",99
199,-0.296,Tue Jun 26 02:15:16 +0000 2018,0.157,0.741,0.102,@CBSNews,"Commander of Texas tent city blasts ""dumb, stupid"" zero tolerance immigration policy that separates children from t‚Ä¶ https://t.co/Wy2KtTBlyU",100
200,-0.2263,Tue Jun 26 22:29:04 +0000 2018,0.112,0.888,0.0,@CNN,"""What happened to us should never happen again"": Japanese-American protesters weigh in on travel ruling‚Ä¶ https://t.co/2mArXDNfQO",1
201,0.0,Tue Jun 26 22:17:24 +0000 2018,0.0,1.0,0.0,@CNN,"A large streak of ""blue"" was found on the Mars 
https://t.co/O73TiS0GA2 https://t.co/7TKMLBCRar",2
202,0.9217,Tue Jun 26 22:05:54 +0000 2018,0.0,0.515,0.485,@CNN,"President Trump awarded a posthumous Medal of Honor to a member of the greatest generation, then-1st Lt. Garlin Mur‚Ä¶ https://t.co/nmpFBn7ikn",3
203,-0.7717,Tue Jun 26 21:53:53 +0000 2018,0.325,0.675,0.0,@CNN,"At least 19 people were shot Monday in Chicago, where police for months have touted declining gun violence https://t.co/FRQJ8bL7Py",4
204,-0.5574,Tue Jun 26 21:41:34 +0000 2018,0.184,0.816,0.0,@CNN,"If you're coming to the US, this is how the travel ban could affect you https://t.co/htB3U0iPEB https://t.co/UeCDHS8p2o",5
205,0.0,Tue Jun 26 21:29:10 +0000 2018,0.0,1.0,0.0,@CNN,Melania Trump is set for a second trip to immigration facilities https://t.co/4wD0DVYMeS https://t.co/52W3JY322t,6
206,-0.802,Tue Jun 26 21:17:25 +0000 2018,0.325,0.675,0.0,@CNN,"After finding a gun in a sofa at IKEA, a child fired the loaded weapon in the store, prompting an investigation of‚Ä¶ https://t.co/4AEKCwDNLT",7
207,-0.5574,Tue Jun 26 21:06:17 +0000 2018,0.153,0.847,0.0,@CNN,Uber's Middle East rival is recruiting Saudi women to take the wheel after a female driving ban was lifted on Sunday https://t.co/Z306TrKnbk,8
208,0.0772,Tue Jun 26 20:55:01 +0000 2018,0.152,0.681,0.168,@CNN,Mitt Romney is running for Senate as a friend and foe of President Trump https://t.co/5dDiCsmJ6B https://t.co/I7Z2Bp5BHp,9
209,0.0,Tue Jun 26 20:44:24 +0000 2018,0.0,1.0,0.0,@CNN,Russian pop star at the center of the 2016 Trump Tower meeting story trolls the US https://t.co/VrQcOBhiB1 https://t.co/VmThxs64aY,10
210,0.1027,Tue Jun 26 20:33:14 +0000 2018,0.19,0.595,0.214,@CNN,Supreme Court finally rejects the infamous Korematsu decision on Japanese-American internment‚Ä¶ https://t.co/BbMKE9ZYFL,11
211,-0.8225,Tue Jun 26 20:21:56 +0000 2018,0.369,0.631,0.0,@CNN,"Leaking bourbon from a Kentucky distillery accident killed hundreds of fish, the state says
https://t.co/OqTcPcAdN7 https://t.co/nMqMPg1LaQ",12
212,0.8271,Tue Jun 26 20:11:07 +0000 2018,0.12,0.492,0.388,@CNN,"President Trump awarded a posthumous Medal of Honor to World War II hero Garlin Murl Conner, believed to be the sec‚Ä¶ https://t.co/KPCKlNUyNs",13
213,0.0,Tue Jun 26 20:10:54 +0000 2018,0.0,1.0,0.0,@CNN,Voters across the US are heading to the polls for Tuesday's primaries. Here's what you need to know.‚Ä¶ https://t.co/vHzj9e6f0U,14
214,0.0,Tue Jun 26 19:59:05 +0000 2018,0.0,1.0,0.0,@CNN,"The Trump administration expects all countries to reduce their Iranian oil imports to zero or face US sanctions, a‚Ä¶ https://t.co/tfMehPVZcp",15
215,0.836,Tue Jun 26 19:45:41 +0000 2018,0.119,0.489,0.391,@CNN,"President Trump is awarding a posthumous Medal of Honor to World War II hero Garlin Murl Conor, believed to be the‚Ä¶ https://t.co/eeUlobai2U",16
216,-0.2732,Tue Jun 26 19:37:55 +0000 2018,0.091,0.909,0.0,@CNN,New York Gov. Andrew Cuomo announced that New York state and more than a dozen other states are suing the federal g‚Ä¶ https://t.co/xbDDM7GtHR,17
217,-0.5574,Tue Jun 26 19:27:07 +0000 2018,0.184,0.816,0.0,@CNN,"If you're coming to the US, this is how the travel ban could affect you https://t.co/H4I8udOpa1 https://t.co/xGtNjwN2oU",18
218,0.0,Tue Jun 26 19:15:45 +0000 2018,0.132,0.735,0.132,@CNN,"The first Muslim elected to Congress says the Supreme Court's decision to uphold the travel ban will end up in ""the‚Ä¶ https://t.co/DKEMEx6j4F",19
219,-0.7574,Tue Jun 26 19:04:58 +0000 2018,0.374,0.505,0.121,@CNN,"""No ban, no wall!"" People chanted in front of the Supreme Court protesting the decision to uphold President Trump's‚Ä¶ https://t.co/7JqboQMPYH",20
220,-0.3818,Tue Jun 26 18:52:28 +0000 2018,0.313,0.505,0.182,@CNN,Democrats are upset about the Supreme Court upholding the travel ban https://t.co/C6qseMpElZ https://t.co/jE4ywCSz7z,21
221,0.5719,Tue Jun 26 18:41:29 +0000 2018,0.145,0.562,0.293,@CNN,"President Donald Trump called Tuesday's Supreme Court ruling on the travel ban ""a tremendous success, a tremendous‚Ä¶ https://t.co/qWIco2jrZy",22
222,-0.802,Tue Jun 26 18:30:20 +0000 2018,0.325,0.675,0.0,@CNN,"After finding a gun in a sofa at IKEA, a child fired the loaded weapon in the store, prompting an investigation of‚Ä¶ https://t.co/zjez8m4krp",23
223,-0.5574,Tue Jun 26 18:15:15 +0000 2018,0.247,0.753,0.0,@CNN,Americans have been split on Trump's travel ban for a while https://t.co/uUyWT6nkVc https://t.co/S3BExJGO0Q,24
224,-0.4939,Tue Jun 26 18:01:17 +0000 2018,0.198,0.802,0.0,@CNN,"Cocaine and heroin supplies hit record highs globally, according to new report https://t.co/umd2PebaPQ https://t.co/syzJfUEqY2",25
225,0.6115,Tue Jun 26 17:47:07 +0000 2018,0.0,0.715,0.285,@CNN,Uber wins the right to keep operating in London https://t.co/dX6bTREYEK https://t.co/39UFufLznl,26
226,0.0,Tue Jun 26 17:35:56 +0000 2018,0.0,1.0,0.0,@CNN,"Nearly 2 years ago, millions of people witnessed the last moments of Philando Castile‚Äôs life after he was shot by p‚Ä¶ https://t.co/eUGQy52oZG",27
227,0.5719,Tue Jun 26 17:23:34 +0000 2018,0.139,0.579,0.282,@CNN,"President Trump on the Supreme Court's travel ban ruling: ""A tremendous success, a tremendous victory for the Ameri‚Ä¶ https://t.co/fLWA1fwl7J",28
228,0.5719,Tue Jun 26 17:23:15 +0000 2018,0.139,0.579,0.282,@CNN,"President Trump on the Supreme Court's travel ban ruling: ""A tremendous success, a tremendous victory for the Ameri‚Ä¶ https://t.co/2SEhkmC4u4",29
229,0.0,Tue Jun 26 17:16:40 +0000 2018,0.0,1.0,0.0,@CNN,World's most expensive cities for expats in 2018 revealed https://t.co/933Zq73U4h https://t.co/5JYj57rI9f,30
230,0.4019,Tue Jun 26 17:05:34 +0000 2018,0.145,0.602,0.253,@CNN,5 takeaways from the Supreme Court's monumental ruling in support of Trump's travel ban | Analysis by Chris Cillizz‚Ä¶ https://t.co/bZPjTROCoe,31
231,0.5574,Tue Jun 26 16:54:17 +0000 2018,0.0,0.825,0.175,@CNN,The Supreme Court sided Tuesday with faith-based pregnancy centers in California in a case that pitted abortion rig‚Ä¶ https://t.co/rT5cDxl0gx,32
232,0.0,Tue Jun 26 16:51:27 +0000 2018,0.0,1.0,0.0,@CNN,The 55 most over-the-top lines from Donald Trump's South Carolina speech | Analysis by¬†Chris Cillizza‚Ä¶ https://t.co/SAkA6HJ7jt,33
233,0.0,Tue Jun 26 16:36:45 +0000 2018,0.0,1.0,0.0,@CNN,Steel tariffs could force the US's largest nail manufacturer to close or move to Mexico https://t.co/OmIb7p5XRa,34
234,-0.4742,Tue Jun 26 16:26:18 +0000 2018,0.158,0.769,0.073,@CNN,Five teenagers who taunted a drowning man as they recorded his death in Florida will not face charges because by la‚Ä¶ https://t.co/romMLKcPBb,35
235,-0.68,Tue Jun 26 16:15:07 +0000 2018,0.367,0.504,0.13,@CNN,"Protesters are chanting ""No ban, no wall!"" outside the Supreme Court following the decision to uphold President Tru‚Ä¶ https://t.co/WVkLflHiiP",36
236,-0.5574,Tue Jun 26 16:05:06 +0000 2018,0.184,0.816,0.0,@CNN,"President Trump calls travel ban ruling ""a tremendous victory for the American People and the Constitution""‚Ä¶ https://t.co/knAhrK7MU5",37
237,-0.5574,Tue Jun 26 15:55:00 +0000 2018,0.153,0.847,0.0,@CNN,Rep. Keith Ellison reacts to the travel ban ruling: ‚ÄúAs long as [Trump] puts a very thin veneer of national securit‚Ä¶ https://t.co/YxZVrTfThl,38
238,-0.4939,Tue Jun 26 15:51:02 +0000 2018,0.198,0.802,0.0,@CNN,"Cocaine and heroin supplies hit record highs globally, according to new report https://t.co/1cJr92jnZp https://t.co/ZdLcIoyCQI",39
239,0.1027,Tue Jun 26 15:38:32 +0000 2018,0.0,0.931,0.069,@CNN,"House Speaker Paul Ryan called on Rep. Maxine Waters to apologize for urging opponents of Trump administration to ""‚Ä¶ https://t.co/r6DsDfHnG9",40
240,-0.7096,Tue Jun 26 15:27:08 +0000 2018,0.269,0.731,0.0,@CNN,"The Trump travel ban restricts entry from the following countries to varying degrees:
‚Ä¢ Iran
‚Ä¢ North Korea
‚Ä¢ Syria‚Ä¶ https://t.co/CwD0dTqgAS",41
241,-0.9325,Tue Jun 26 15:26:17 +0000 2018,0.52,0.43,0.051,@CNN,JUST IN: Sudan overturns death sentence for teen who killed her rapist husband https://t.co/LRWoxOdggA https://t.co/AtwcWmQgvE,42
242,0.7003,Tue Jun 26 15:14:41 +0000 2018,0.0,0.756,0.244,@CNN,"""We need to reclaim our values... We're a good nation, we're a good people. And we should be setting a standard on‚Ä¶ https://t.co/14zHoRUeBD",43
243,0.0,Tue Jun 26 15:00:04 +0000 2018,0.198,0.604,0.198,@CNN,Read the Supreme Court's 5-4 ruling upholding the President's travel ban https://t.co/Xpe22vGafU https://t.co/AhKuYVzbJs,44
244,-0.0516,Tue Jun 26 14:45:11 +0000 2018,0.171,0.667,0.162,@CNN,Three key quotes from Chief Justice John Roberts' majority opinion from the travel ban ruling https://t.co/4zhSgEv1IP,45
245,-0.7096,Tue Jun 26 14:43:46 +0000 2018,0.237,0.763,0.0,@CNN,"This is the third version of the travel ban, which restricts entry from seven countries to varying degrees: Iran, N‚Ä¶ https://t.co/8iilYFqARn",46
246,0.3612,Tue Jun 26 14:35:06 +0000 2018,0.0,0.878,0.122,@CNN,Philippine President Rodrigo Duterte promised to mend fences with the Catholic Church in the wake of scathing comme‚Ä¶ https://t.co/ostSSY0ytk,47
247,0.0,Tue Jun 26 14:21:53 +0000 2018,0.222,0.556,0.222,@CNN,BREAKING: The Supreme Court has upheld President Trump's travel ban https://t.co/ZuB2RN6ker,48
248,0.0,Tue Jun 26 14:14:45 +0000 2018,0.0,1.0,0.0,@CNN,President Trump vs. Harley-Davidson: What's really going on? https://t.co/gZVzLq7079,49
249,-0.5859,Tue Jun 26 14:04:12 +0000 2018,0.255,0.745,0.0,@CNN,"Tesla is trying out an aggressive ""Mad Max"" driving mode in its prototype autopilot feature https://t.co/LgSrIqlmLB",50
250,-0.7717,Tue Jun 26 13:54:05 +0000 2018,0.325,0.675,0.0,@CNN,"At least 19 people were shot Monday in Chicago, where police for months have touted declining gun violence https://t.co/gX9hFCjE9E",51
251,0.5719,Tue Jun 26 13:40:58 +0000 2018,0.0,0.793,0.207,@CNN,Sarah Sanders effectively threw her hands up when asked how the Trump administration was going to solve the crisis‚Ä¶ https://t.co/5TkabIuVdD,52
252,0.296,Tue Jun 26 13:30:00 +0000 2018,0.0,0.879,0.121,@CNN,CNN's Jim Acosta faced both heckling and supportive statements while covering a rally for incumbent South Carolina‚Ä¶ https://t.co/H00a7C7rM5,53
253,-0.5574,Tue Jun 26 13:29:08 +0000 2018,0.153,0.847,0.0,@CNN,Uber's Middle East rival is recruiting Saudi women to take the wheel after a female driving ban was lifted on Sunday https://t.co/qcFdfzWkg1,54
254,0.0,Tue Jun 26 13:16:55 +0000 2018,0.0,1.0,0.0,@CNN,Voters across the US are heading to the polls for Tuesday's primaries. Here's what you need to know.‚Ä¶ https://t.co/d9kX6wiJt8,55
255,-0.6249,Tue Jun 26 13:05:01 +0000 2018,0.212,0.788,0.0,@CNN,"As of Tuesday morning, General Electric is no longer in the Dow. Meet the new kid on the block: Walgreens https://t.co/rWaNEgF3ut",56
256,0.0,Tue Jun 26 12:53:22 +0000 2018,0.0,1.0,0.0,@CNN,"Hunted and stigmatized, some albinos in Malawi will vie for seats in elections next year https://t.co/JLww4uKKRm https://t.co/RfnhwPLb9q",57
257,-0.7096,Tue Jun 26 12:42:31 +0000 2018,0.344,0.564,0.092,@CNN,"President Trump's trade battles could escalate into a global disaster, UK Treasury chief says https://t.co/EFAphb7X9O",58
258,-0.34,Tue Jun 26 12:31:18 +0000 2018,0.13,0.87,0.0,@CNN,A bipartisan report is warning American institutions about future meddling in the US democratic system following th‚Ä¶ https://t.co/PKnXXBpNwZ,59
259,-0.0772,Tue Jun 26 12:20:12 +0000 2018,0.071,0.929,0.0,@CNN,"Prince William's $5,500-a-night hotel suite in Jerusalem provided him with tea and silver tea strainers specially f‚Ä¶ https://t.co/T7t5yULuRy",60
260,0.0,Tue Jun 26 12:16:35 +0000 2018,0.0,1.0,0.0,@CNN,RT @cnni: The 2018 #WorldCup is in full swing. Do you have questions about how the tournament is going so far? CNN's @alexthomascnn is with‚Ä¶,61
261,0.0,Tue Jun 26 12:08:30 +0000 2018,0.0,1.0,0.0,@CNN,"Japan's Princess Ayako announced she's marrying a non-royal, a move that will force her to renounce her royal statu‚Ä¶ https://t.co/XUIBEItTjw",62
262,0.0,Tue Jun 26 11:57:20 +0000 2018,0.0,1.0,0.0,@CNN,"Catholic Church suspends priest who rapped sermons, saying ""the use of rap music is not allowed in preaching""‚Ä¶ https://t.co/6xjDJT2kWi",63
263,0.4767,Tue Jun 26 11:43:56 +0000 2018,0.0,0.853,0.147,@CNN,An engineered version of poliovirus improved the overall survival rate of patients with a lethal form of brain canc‚Ä¶ https://t.co/y7BqZb2m7P,64
264,0.4215,Tue Jun 26 11:39:19 +0000 2018,0.065,0.787,0.148,@CNN,"General Electric is spinning off its health care business, shrinking itself even further to pay down a mountain of‚Ä¶ https://t.co/kzCqlCiSIA",65
265,0.0,Tue Jun 26 11:26:27 +0000 2018,0.0,1.0,0.0,@CNN,Australia is spending billions on unmanned spy drones https://t.co/Du5chZ0Srd https://t.co/w4lYS8ZhsG,66
266,0.0,Tue Jun 26 11:16:12 +0000 2018,0.0,1.0,0.0,@CNN,Could pills soon replace insulin shots for diabetes patients? Here's a look at the latest research:‚Ä¶ https://t.co/dDI966dPHT,67
267,-0.4588,Tue Jun 26 11:07:43 +0000 2018,0.143,0.857,0.0,@CNN,"To defeat Trump in 2020, Democrats will need:
‚Ä¢Exciting candidates and big ideas
‚Ä¢First-rate ground game
‚Ä¢Strong fu‚Ä¶ https://t.co/6dE1D6sdMX",68
268,0.0,Tue Jun 26 10:59:24 +0000 2018,0.0,1.0,0.0,@CNN,This 13th century illustration of a cockatoo suggests that trade off the coast of Australia was occurring much earl‚Ä¶ https://t.co/BSelSiAB7J,69
269,-0.4588,Tue Jun 26 10:49:37 +0000 2018,0.13,0.87,0.0,@CNN,A Latino man and his mother who were doing yard work in California were verbally attacked by a woman who called the‚Ä¶ https://t.co/Xxc2zjFr93,70
270,0.5267,Tue Jun 26 10:40:06 +0000 2018,0.0,0.841,0.159,@CNN,The conservative bloc under Chief Justice John Roberts has made it plain that concerns about race discrimination si‚Ä¶ https://t.co/JqIJzsEi4B,71
271,0.3612,Tue Jun 26 10:28:14 +0000 2018,0.0,0.884,0.116,@CNN,One of Canada's biggest music festivals is on pause because of a small bird and her nest of four eggs‚Ä¶ https://t.co/aHFGwq2GSw,72
272,0.0,Tue Jun 26 10:16:33 +0000 2018,0.0,1.0,0.0,@CNN,McDonald's and Starbucks are among dozens of companies caught in a crackdown on plastics in India https://t.co/NgmApTcL9a,73
273,-0.296,Tue Jun 26 10:04:55 +0000 2018,0.109,0.891,0.0,@CNN,Rescuers continue to search a partially flooded cave complex where 12 missing boys and their soccer coach are thoug‚Ä¶ https://t.co/0GR0RgN39v,74
274,0.0,Tue Jun 26 09:53:35 +0000 2018,0.0,1.0,0.0,@CNN,The US is cracking down on North Korea's army of overseas workers https://t.co/ByceUDIdz2 https://t.co/5hFv9gPGxt,75
275,0.0,Tue Jun 26 09:42:19 +0000 2018,0.0,1.0,0.0,@CNN,The oil and gas industry is coming for Colorado's sand dunes https://t.co/mirY5GEYgq via @CNNOpinion https://t.co/YJe3gTvoyj,76
276,-0.4019,Tue Jun 26 09:31:10 +0000 2018,0.124,0.876,0.0,@CNN,"Her doctor said it was all in her head. It wasn't. 

It was POTS: a little-known disorder causing heart palpitation‚Ä¶ https://t.co/Oa7A4y3V7i",77
277,0.0,Tue Jun 26 09:20:08 +0000 2018,0.0,1.0,0.0,@CNN,"More than 8,000 acres burned by wildfires in Northern California https://t.co/1pn4MaJvuN https://t.co/nMFaIr9dFq",78
278,-0.7184,Tue Jun 26 08:51:49 +0000 2018,0.375,0.625,0.0,@CNN,A child fired a loaded gun he found in a couch at IKEA https://t.co/ebreAtWIEA https://t.co/6b1tINtget,79
279,-0.4588,Tue Jun 26 08:26:42 +0000 2018,0.16,0.777,0.063,@CNN,Nigeria has overtaken India as the country with the largest number of people living in extreme poverty https://t.co/AMMCaPdEIm,80
280,-0.765,Tue Jun 26 08:02:17 +0000 2018,0.375,0.625,0.0,@CNN,Entire police force of Mexico town detained after mayoral candidate's assassination https://t.co/JrTKDzfpDv https://t.co/g8gAqO8ptJ,81
281,-0.4588,Tue Jun 26 07:38:23 +0000 2018,0.13,0.87,0.0,@CNN,A Latino man and his mother who were doing yard work in California were verbally attacked by a woman who called the‚Ä¶ https://t.co/bc4ILulfwQ,82
282,0.0,Tue Jun 26 07:30:07 +0000 2018,0.0,1.0,0.0,@CNN,"The elaborate customized cars of Japan's ""lowriding"" subculture https://t.co/bxOLz1u9xc https://t.co/oT5YVsK4xI",83
283,-0.4939,Tue Jun 26 07:27:02 +0000 2018,0.242,0.758,0.0,@CNN,Doctor in Spain faces court over Franco-era 'stolen babies' https://t.co/ZxQ3pS3Jx8 https://t.co/VSOT6VMfEa,84
284,0.0,Tue Jun 26 07:15:25 +0000 2018,0.0,1.0,0.0,@CNN,Heathrow gets go ahead to become world's biggest airport https://t.co/prm8lcOYC5 via @CNNTravel https://t.co/q0uBmd41m4,85
285,0.4019,Tue Jun 26 07:00:05 +0000 2018,0.0,0.69,0.31,@CNN,FDA approves first cannabis-based drug https://t.co/JrR4eQ9qSI https://t.co/R7HKTtCfGN,86
286,-0.5256,Tue Jun 26 06:48:06 +0000 2018,0.22,0.78,0.0,@CNN,"India is the most dangerous country to be a woman, survey shows https://t.co/Yuy1gi5dBQ https://t.co/atzm7Lv24N",87
287,-0.4588,Tue Jun 26 06:30:04 +0000 2018,0.214,0.786,0.0,@CNN,Occupy ICE encampment faces eviction from federal grounds in Portland https://t.co/P3sTFvui6T https://t.co/ifw8iYEAaC,88
288,-0.7184,Tue Jun 26 06:21:14 +0000 2018,0.375,0.625,0.0,@CNN,A child fired a loaded gun he found in a couch at IKEA https://t.co/2cSFL63diP https://t.co/sEG5OwogkZ,89
289,0.5859,Tue Jun 26 06:18:06 +0000 2018,0.0,0.676,0.324,@CNN,"$10 million worth of pot found, thanks to police dog https://t.co/5rnXVM6FE0 https://t.co/YpXVPNHrYD",90
290,0.0,Tue Jun 26 06:00:09 +0000 2018,0.0,1.0,0.0,@CNN,Medical marijuana may soon be for sale in Arkansas. Is Oklahoma next?https://t.co/9lf51TM4Ye https://t.co/X2smkf92gK,91
291,-0.2755,Tue Jun 26 05:30:11 +0000 2018,0.174,0.826,0.0,@CNN,Why markets don't like US investment restrictions on China https://t.co/Kw0T90wxF2 https://t.co/S07Ycc39pz,92
292,-0.5256,Tue Jun 26 05:15:04 +0000 2018,0.22,0.78,0.0,@CNN,"India is the most dangerous country to be a woman, survey shows https://t.co/XAfPp1j4Te https://t.co/NrvdV0pSoA",93
293,0.0,Tue Jun 26 05:00:09 +0000 2018,0.0,1.0,0.0,@CNN,Heathrow gets go ahead to become world's biggest airport https://t.co/iOzWpLnYVi https://t.co/MtKKx0JP4I,94
294,0.5859,Tue Jun 26 04:45:02 +0000 2018,0.0,0.676,0.324,@CNN,"$10 million worth of pot found, thanks to police dog https://t.co/69UbvWiQdJ https://t.co/CKZzL2lGPG",95
295,0.0,Tue Jun 26 04:30:15 +0000 2018,0.0,1.0,0.0,@CNN,"More than 8,000 acres burned by wildfires in Northern California https://t.co/m6lYcfM1aC https://t.co/Tm3MpbQz9A",96
296,-0.2263,Tue Jun 26 04:15:08 +0000 2018,0.101,0.899,0.0,@CNN,These kids were carrying water in pots to fill up their pool. Then firefighters stopped to help.‚Ä¶ https://t.co/lvY6YJxEuN,97
297,0.3612,Tue Jun 26 04:00:10 +0000 2018,0.0,0.884,0.116,@CNN,One of Canada's biggest music festivals is on pause because of a small bird and its nest of four eggs‚Ä¶ https://t.co/AwOtxlJ12t,98
298,-0.34,Tue Jun 26 03:46:09 +0000 2018,0.13,0.87,0.0,@CNN,"""That's not right. That's not American."" Sen. Chuck Schumer sharply criticizes fellow Democratic Rep. Maxine Waters‚Ä¶ https://t.co/UXbrklg8il",99
299,0.7184,Tue Jun 26 03:31:08 +0000 2018,0.0,0.727,0.273,@CNN,"A hot air balloon pilot was rescued from a lake after striking power lines during a festival in Howell, Michigan‚Ä¶ https://t.co/L9adguvh7Z",100
300,0.0,Tue Jun 26 22:19:20 +0000 2018,0.0,1.0,0.0,@FoxNews,"'The Red Hen' restaurant that kicked out @PressSec Sarah Sanders on Friday will remain closed until next week, and‚Ä¶ https://t.co/mDkrhiQkmA",1
301,0.128,Tue Jun 26 22:06:36 +0000 2018,0.143,0.677,0.18,@FoxNews,"Police officer slashed, security guard shot during rampage in Japan. https://t.co/7UoVVosp6E",2
302,0.5423,Tue Jun 26 22:00:11 +0000 2018,0.0,0.667,0.333,@FoxNews,.@GregGutfeld on starting a new peace movement. #TheFive https://t.co/Z7E4rUTiVa,3
303,-0.765,Tue Jun 26 21:58:53 +0000 2018,0.292,0.708,0.0,@FoxNews,"NTSB: Tesla was going 116 mph at time of fatal Florida accident, battery pack reignited twice afterwards. https://t.co/rkKHQsxsJz",4
304,0.2263,Tue Jun 26 21:52:18 +0000 2018,0.179,0.547,0.274,@FoxNews,"Chicago bar apologizes for 'MAGA' hats, face tattoos ban, says 'everyone is welcome' https://t.co/87Q9qksMos",5
305,-0.5719,Tue Jun 26 21:42:25 +0000 2018,0.236,0.764,0.0,@FoxNews,.@BritHume: Maxine Waters contributes to the poisonous atmosphere in Washington. (via @foxnewsopinion) https://t.co/AKcMlVLFyP,6
306,0.0,Tue Jun 26 21:34:51 +0000 2018,0.0,1.0,0.0,@FoxNews,"Woman allegedly had boyfriend punch her in stomach to terminate pregnancy, police say. https://t.co/4GEqYFXP5W",7
307,-0.2263,Tue Jun 26 21:31:29 +0000 2018,0.211,0.65,0.138,@FoxNews,Spirit Airlines passenger has erratic outburst during emergency landing. https://t.co/uZhdQiMKpW,8
308,-0.3182,Tue Jun 26 21:22:38 +0000 2018,0.204,0.796,0.0,@FoxNews,Massachusetts police release lost Rottweiler after family ‚Äòposts bail‚Äô https://t.co/7HxyIEmky4,9
309,0.0,Tue Jun 26 21:17:00 +0000 2018,0.0,1.0,0.0,@FoxNews,"A new supervolcano is brewing under Massachusetts, Vermont and New Hampshire. https://t.co/ZSWkWXFvYY",10
310,-0.4939,Tue Jun 26 21:12:27 +0000 2018,0.286,0.714,0.0,@FoxNews,"Texas hospital blast, collapse reported amid construction expansion https://t.co/AjVitRyzeo",11
311,-0.7351,Tue Jun 26 21:08:50 +0000 2018,0.237,0.763,0.0,@FoxNews,".@TheJuanWilliams: ""I do think that we are out of control in terms of the mockery, the bullying, the kind of attitu‚Ä¶ https://t.co/salb5FIwbf",12
312,0.5574,Tue Jun 26 21:06:43 +0000 2018,0.0,0.825,0.175,@FoxNews,"At a meeting with members of Congress, @POTUS talked about the Supreme Court ruling upholding the travel ban.‚Ä¶ https://t.co/m1Qj4rWjTN",13
313,0.0,Tue Jun 26 21:02:16 +0000 2018,0.0,1.0,0.0,@FoxNews,.@cvpayne: Harley-Davidson Using Trump's Tariffs as 'Cover' for Moving Production Overseas https://t.co/l7kvNIcqwF,14
314,-0.2263,Tue Jun 26 21:00:39 +0000 2018,0.117,0.819,0.064,@FoxNews,North Dakota mayor moves to abolish town government to prevent white supremacists from taking over. https://t.co/5xoICCaPxI,15
315,0.0,Tue Jun 26 20:35:05 +0000 2018,0.0,1.0,0.0,@FoxNews,THURSDAY: @BretBaier and @marthamaccallum moderate the Florida GOP gubernatorial debate at 6:30p ET on Fox News Cha‚Ä¶ https://t.co/jeTfhRQeLY,16
316,0.2716,Tue Jun 26 20:25:14 +0000 2018,0.0,0.851,0.149,@FoxNews,.@shelbyholliday: ‚ÄúI think politically this is an extremely important decision.‚Äù https://t.co/YJoYrCncJe #Cavuto https://t.co/r5fq1iFewi,17
317,-0.5106,Tue Jun 26 20:18:40 +0000 2018,0.202,0.798,0.0,@FoxNews,.@Theonlyhonest: ‚ÄúI think the court here failed to look at intent.‚Äù https://t.co/YJoYrCncJe #Cavuto https://t.co/29ALvyHVg0,18
318,0.0,Tue Jun 26 20:12:54 +0000 2018,0.209,0.581,0.209,@FoxNews,.@Judgenap reacts to the Supreme Court travel ban ruling https://t.co/YJoYrCncJe #Cavuto https://t.co/z5sqrWWGnv,19
319,0.743,Tue Jun 26 20:04:46 +0000 2018,0.0,0.717,0.283,@FoxNews,".@POTUS presents the Medal of Honor to Pauline Conner, widow of 1st Lt. Garlin Murl Conner. https://t.co/wQVVkvWWsb https://t.co/DAiLGSndyf",20
320,0.743,Tue Jun 26 19:59:29 +0000 2018,0.0,0.741,0.259,@FoxNews,".@POTUS on Medal of Honor recipient Garlin Murl Conner: ""As bullets flew all around him, Lt. Conner directed artill‚Ä¶ https://t.co/MShdzAiMYu",21
321,0.6705,Tue Jun 26 19:58:10 +0000 2018,0.0,0.784,0.216,@FoxNews,".@POTUS: ""Lt. Garlin Murl Conner was indeed a giant in his daring, in his devotion, in his duty. He was larger than‚Ä¶ https://t.co/gnt3UIWdEQ",22
322,0.4019,Tue Jun 26 19:46:59 +0000 2018,0.12,0.669,0.211,@FoxNews,".@POTUS on Medal of Honor recipient 1st LT Garlin Murl Conner: ""Although he died 20 years ago today, he takes his r‚Ä¶ https://t.co/wRXy1YOreh",23
323,0.743,Tue Jun 26 19:40:49 +0000 2018,0.0,0.717,0.283,@FoxNews,".@POTUS presents the Medal of Honor to Pauline Conner, widow of 1st LT Garlin Murl Conner. https://t.co/nPFamuw1qD https://t.co/Tg0i7T8SvW",24
324,0.0,Tue Jun 26 19:38:30 +0000 2018,0.0,1.0,0.0,@FoxNews,Blacktip shark mysteriously appears in Texas neighborhood. https://t.co/ZaRspCIaMA,25
325,0.4939,Tue Jun 26 19:33:08 +0000 2018,0.154,0.513,0.333,@FoxNews,OPINION: Supreme Court Trump travel ban decision is an important victory for our national security. https://t.co/SUjhrpckOI,26
326,0.0,Tue Jun 26 19:17:00 +0000 2018,0.0,1.0,0.0,@FoxNews,Democratic candidates revolt against Pelosi in House races across the country. https://t.co/TZTpc9PsRd,27
327,-0.2732,Tue Jun 26 19:11:19 +0000 2018,0.104,0.896,0.0,@FoxNews,JUST IN: 17 states and D.C. are suing the Trump administration over separation of families at the border.‚Ä¶ https://t.co/8awYZL2ld9,28
328,0.0,Tue Jun 26 19:05:00 +0000 2018,0.0,1.0,0.0,@FoxNews,"Hackers are selling babies' personal data on the Dark Web.
https://t.co/kAXbrXX2mn",29
329,0.5106,Tue Jun 26 19:00:03 +0000 2018,0.0,0.82,0.18,@FoxNews,Rescue boat carrying hundreds of migrants allowed to dock in Malta after standoff with Italy https://t.co/HiT12hAVAx,30
330,-0.3612,Tue Jun 26 18:55:00 +0000 2018,0.275,0.582,0.143,@FoxNews,North Carolina firefighters help family struggling to fill pool by using fire hose https://t.co/14cGBcqibn,31
331,0.7269,Tue Jun 26 18:50:00 +0000 2018,0.0,0.567,0.433,@FoxNews,"Good Samaritan, police save would-be jumper from Wisconsin overpass https://t.co/oecm84bQJ6",32
332,0.5267,Tue Jun 26 18:43:26 +0000 2018,0.184,0.459,0.357,@FoxNews,Chief Justice Roberts on Supreme Court travel ban ruling @dailybriefing https://t.co/YJoYrCncJe https://t.co/ZysXFysi7g,33
333,0.0,Tue Jun 26 18:40:00 +0000 2018,0.0,1.0,0.0,@FoxNews,David Lynch pens letter to Trump: 'It's not too late to turn the ship around' https://t.co/IJofeAeYbC,34
334,0.8158,Tue Jun 26 18:35:42 +0000 2018,0.0,0.623,0.377,@FoxNews,"‚ÄùI think most Americans would like increased border security.‚Äù

@LindseyGrahamSC reacts to the Supreme Court travel‚Ä¶ https://t.co/PapGSz9OS3",35
335,0.5574,Tue Jun 26 18:21:15 +0000 2018,0.0,0.825,0.175,@FoxNews,"OPINION: Supreme Court NIFLA decision is major victory for pro-life groups and women, vindication for First Amendme‚Ä¶ https://t.co/teV9Elhpx9",36
336,0.4939,Tue Jun 26 18:16:28 +0000 2018,0.0,0.824,0.176,@FoxNews,.@POTUS admin bids to save coal plant by forcing Arizona utility to buy its power https://t.co/6SwGkLQpyA,37
337,-0.4939,Tue Jun 26 17:51:36 +0000 2018,0.122,0.878,0.0,@FoxNews,"RT @FoxBusiness: .@POTUS: ""We're the bank. We're the bank that everybody wants to steal from and plunder. And it can't be that way anymore.‚Ä¶",38
338,0.5984,Tue Jun 26 17:51:26 +0000 2018,0.0,0.698,0.302,@FoxNews,"RT @FoxBusiness: .@POTUS: ""Tariffs can be a very positive thing."" https://t.co/tMKPay5m7S",39
339,0.0,Tue Jun 26 17:50:00 +0000 2018,0.0,1.0,0.0,@FoxNews,"'Cowards' placed boy, 7, underwater in bathtub as parents watch during home invasion, sheriff says (via @travfed) https://t.co/sDMPUSjZS1",40
340,0.34,Tue Jun 26 17:43:58 +0000 2018,0.161,0.579,0.26,@FoxNews,.@POTUS to present Medal of Honor to widow of World War II veteran Garlin Murl Conner https://t.co/7rh24QU5XA,41
341,0.7003,Tue Jun 26 17:38:52 +0000 2018,0.0,0.691,0.309,@FoxNews,"Veteran, fianc√©e win 'dream wedding' in auction after couple calls it quits (via @JaninePuhak) https://t.co/xK5K2D4fCX",42
342,0.1531,Tue Jun 26 17:37:33 +0000 2018,0.0,0.89,0.11,@FoxNews,.@POTUS: ‚ÄúI want people to come into our country because our country is doing so well‚Ä¶ We need workers. So I want p‚Ä¶ https://t.co/c8mVTx0w7f,43
343,0.0,Tue Jun 26 17:27:00 +0000 2018,0.0,1.0,0.0,@FoxNews,.@POTUS: ‚ÄúWe need the border wall.‚Äù https://t.co/vC0LlK3xuU,44
344,-0.1779,Tue Jun 26 17:26:19 +0000 2018,0.21,0.615,0.174,@FoxNews,OPINION: @TomFitton: Maxine Waters should be investigated for encouraging violence against Trump officials https://t.co/JrhylQtKtZ,45
345,-0.6249,Tue Jun 26 17:25:00 +0000 2018,0.24,0.76,0.0,@FoxNews,.@POTUS: ‚ÄúWe have the worst immigration laws in the history of the world.‚Äù https://t.co/wWlzhkhkJ6,46
346,0.0,Tue Jun 26 17:10:50 +0000 2018,0.0,1.0,0.0,@FoxNews,.@POTUS: ‚ÄúWe‚Äôve started the wall.‚Äù https://t.co/UCHxxcdbDg,47
347,0.6369,Tue Jun 26 17:07:32 +0000 2018,0.0,0.755,0.245,@FoxNews,".@POTUS: ‚ÄúI will always be defending the sovereignty, the safety and the security of the American people.‚Äù https://t.co/TwwTwQ82BT",48
348,0.8074,Tue Jun 26 17:07:09 +0000 2018,0.0,0.657,0.343,@FoxNews,".@POTUS: ‚ÄúToday‚Äôs Supreme Court ruling, just coming out, a tremendous success, a tremendous victory for the America‚Ä¶ https://t.co/quDe6Li9Na",49
349,0.0,Tue Jun 26 17:02:48 +0000 2018,0.209,0.581,0.209,@FoxNews,.@POTUS delivers remarks after the Supreme Court upholds the travel ban. https://t.co/jI7FsRRhLR,50
350,0.5574,Tue Jun 26 17:02:04 +0000 2018,0.0,0.816,0.184,@FoxNews,"Earlier, Attorney General Jeff Sessions released a statement about the Supreme Court upholding the Trump travel ban‚Ä¶ https://t.co/B5yJbpMZ6u",51
351,-0.0772,Tue Jun 26 16:51:45 +0000 2018,0.178,0.667,0.156,@FoxNews,Philippine President Rodrigo Duterte under fire after calling God ‚Äòstupid‚Äô https://t.co/rCiyrVExQy,52
352,0.0,Tue Jun 26 16:46:30 +0000 2018,0.0,1.0,0.0,@FoxNews,Oklahoma Democrat caught removing congressional opponent's campaign signs ahead of primary https://t.co/nHp31SDGka,53
353,-0.4215,Tue Jun 26 16:35:45 +0000 2018,0.387,0.423,0.19,@FoxNews,"Netherlands approves limited ban on Islamic veils, robes https://t.co/8MhXfm4w4r",54
354,0.0,Tue Jun 26 16:24:28 +0000 2018,0.188,0.625,0.188,@FoxNews,Expecting remarks from President @realDonaldTrump after Supreme Court votes to uphold travel ban https://t.co/b3uGCNRxJ3,55
355,-0.6369,Tue Jun 26 16:22:06 +0000 2018,0.271,0.729,0.0,@FoxNews,"Veteran protesting treatment by VA sets himself on fire near Georgia State Capitol, police say https://t.co/uXfVtUPFj4",56
356,-0.34,Tue Jun 26 16:06:24 +0000 2018,0.112,0.888,0.0,@FoxNews,Firefighters salute as a van carrying the body of Long Beach Fire Capt. Dave Rosa passes them during a procession o‚Ä¶ https://t.co/h2ARS1V3MF,57
357,0.0,Tue Jun 26 16:03:02 +0000 2018,0.155,0.69,0.155,@FoxNews,"Moments ago, @SenSchumer released a statement about the Supreme Court upholding the Trump travel ban on some Muslim‚Ä¶ https://t.co/x6RzfGDPmP",58
358,0.0516,Tue Jun 26 15:56:41 +0000 2018,0.207,0.575,0.218,@FoxNews,".@JudgeNap on SCOTUS Upholding Travel Ban: 'Ringing, Uncompromising' Win for Trump https://t.co/4uchKJLso1",59
359,0.6705,Tue Jun 26 15:52:41 +0000 2018,0.0,0.703,0.297,@FoxNews,"RT @FoxBusiness: Australia‚Äôs richest person to invest $2B in US, create 5,000 high-paying jobs https://t.co/w4SLboxWMp",60
360,0.0,Tue Jun 26 15:52:33 +0000 2018,0.0,1.0,0.0,@FoxNews,"RT @FoxBusiness: American money flowing back into America
https://t.co/Qz66Xm0jCj",61
361,0.5574,Tue Jun 26 15:52:23 +0000 2018,0.0,0.816,0.184,@FoxNews,"Moments ago, the White House released a statement from President @realDonaldTrump about the U.S. Supreme Court upho‚Ä¶ https://t.co/oTlodkUzm8",62
362,0.5574,Tue Jun 26 15:37:07 +0000 2018,0.0,0.66,0.34,@FoxNews,.@POTUS statement on Supreme Court ruling https://t.co/YJoYrCncJe https://t.co/u92IucAiyO,63
363,0.0,Tue Jun 26 15:27:51 +0000 2018,0.237,0.526,0.237,@FoxNews,Supreme Court upholds travel ban; @ShannonBream reports https://t.co/YJoYrCncJe @AmericaNewsroom https://t.co/nPgnItqZuk,64
364,-0.0516,Tue Jun 26 15:21:28 +0000 2018,0.24,0.577,0.183,@FoxNews,"JUST IN: Reality Winner, former NSA contractor who‚Äôs accused of leaking documents, pleaded guilty https://t.co/oiQ23zPF3c",65
365,0.5574,Tue Jun 26 15:17:34 +0000 2018,0.0,0.783,0.217,@FoxNews,".@Judgenap: ‚ÄúThe trial courts are bound by the Supreme Court‚Äôs ruling today."" https://t.co/YJoYrCncJe‚Ä¶ https://t.co/4BjaB5mcO6",66
366,0.0,Tue Jun 26 15:11:54 +0000 2018,0.0,1.0,0.0,@FoxNews,.@Judgenap: ‚ÄúIf a person believes that they should not be subject to the order‚Ä¶you can make an application to an ap‚Ä¶ https://t.co/QCid1PBh0e,67
367,0.0,Tue Jun 26 15:06:57 +0000 2018,0.0,1.0,0.0,@FoxNews,.@Judgenap: ‚ÄúExecutive orders signed by Donald Trump and any subsequent president will be interpreted only on the b‚Ä¶ https://t.co/6O7MRhl8hw,68
368,0.0,Tue Jun 26 15:01:12 +0000 2018,0.209,0.581,0.209,@FoxNews,.@Judgenap reacts to Supreme Court ruling on travel ban https://t.co/YJoYrCncJe @AmericaNewsroom https://t.co/4XvwSzBbN6,69
369,-0.4767,Tue Jun 26 14:58:13 +0000 2018,0.324,0.541,0.135,@FoxNews,.@POTUS travel ban: Timeline of a legal journey https://t.co/LtKm2Lur4i,70
370,0.0,Tue Jun 26 14:55:45 +0000 2018,0.155,0.69,0.155,@FoxNews,"Moments ago, Rep. @keithellison released a statement about the Supreme Court upholding the Trump travel ban on some‚Ä¶ https://t.co/f8OYb5oXvx",71
371,0.0,Tue Jun 26 14:44:52 +0000 2018,0.0,1.0,0.0,@FoxNews,.@CHueyBurns on @POTUS: ‚ÄúI‚Äôm wondering if he will even try to go further with this.‚Äù https://t.co/YJoYrCncJe‚Ä¶ https://t.co/Fo4rGFOQpx,72
372,0.0,Tue Jun 26 14:39:21 +0000 2018,0.198,0.604,0.198,@FoxNews,Marie Harf reacts to Supreme Court ruling on travel ban https://t.co/YJoYrCncJe @AmericaNewsroom https://t.co/46wiVXOd61,73
373,0.0,Tue Jun 26 14:34:11 +0000 2018,0.237,0.526,0.237,@FoxNews,Supreme Court rules 5-4 to uphold travel ban https://t.co/YJoYrCncJe https://t.co/1skpyr6dqs,74
374,0.0,Tue Jun 26 14:33:05 +0000 2018,0.295,0.41,0.295,@FoxNews,Supreme Court upholds travel ban https://t.co/YJoYrCncJe https://t.co/OxVsnwO6SI,75
375,0.0,Tue Jun 26 14:24:56 +0000 2018,0.178,0.644,0.178,@FoxNews,BREAKING NEWS: U.S. Supreme Court upholds President Trump‚Äôs travel ban on five Muslim-majority countries. https://t.co/8zpaE2VO4h,76
376,0.4767,Tue Jun 26 14:20:01 +0000 2018,0.0,0.86,0.14,@FoxNews,.@RepDeSantis: ‚ÄúI‚Äôm proud to be leading an effort with a few of my colleagues to censure her in the House.‚Äù‚Ä¶ https://t.co/TPzNoboYeo,77
377,0.0516,Tue Jun 26 14:18:23 +0000 2018,0.269,0.373,0.358,@FoxNews,Supreme Court reaches decision on travel ban https://t.co/Lg6pYvPLhi,78
378,0.0258,Tue Jun 26 14:13:04 +0000 2018,0.287,0.422,0.291,@FoxNews,Breaking News: Supreme Court rules for crisis pregnancy centers in free speech dispute https://t.co/yAeVB0c6E2,79
379,0.4404,Tue Jun 26 13:55:55 +0000 2018,0.0,0.828,0.172,@FoxNews,It 'Has to Stop': @AntonioSabatoJr Says He Was Blacklisted by Hollywood for Supporting #Trump https://t.co/XVHgFfo2Zb,80
380,0.0,Tue Jun 26 13:33:02 +0000 2018,0.0,1.0,0.0,@FoxNews,U.S. Border Agents Halt Immigrant Family Prosecutions; @BryanLlenas reports https://t.co/3zAnjUGL02,81
381,0.6249,Tue Jun 26 13:21:26 +0000 2018,0.0,0.76,0.24,@FoxNews,".@henrymcmaster: ""[@POTUS has] turned the whole world around, he's making America great again."" https://t.co/CPs6vyfjYu",82
382,-0.9042,Tue Jun 26 13:18:15 +0000 2018,0.484,0.516,0.0,@FoxNews,"Vietnam veteran, New York state deputy arrest man accused of stealing dog tags from war memorial https://t.co/1QajtAWLHY",83
383,0.0,Tue Jun 26 13:01:45 +0000 2018,0.0,1.0,0.0,@FoxNews,NBA legend Oscar Robertson asks 'where are the white athletes?' when injustices are happening https://t.co/ERS9ikNWbb,84
384,0.0,Tue Jun 26 12:55:29 +0000 2018,0.0,1.0,0.0,@FoxNews,Iguana drama: Viral video shows dueling lizards in Starbucks parking lot https://t.co/BWaqFsAZhO,85
385,0.2263,Tue Jun 26 12:40:05 +0000 2018,0.0,0.888,0.112,@FoxNews,"'Jurassic World' star Chris Pratt surprises police, shows up at fundraiser at California movie theater https://t.co/f0TGkF2Bec",86
386,-0.1027,Tue Jun 26 12:32:11 +0000 2018,0.085,0.915,0.0,@FoxNews,"Trump warns Harley-Davidson of 'big tax' if it sells back to US, following production shift https://t.co/rvkG8HYyJb",87
387,0.0,Tue Jun 26 12:28:52 +0000 2018,0.0,1.0,0.0,@FoxNews,.@RepTimRyan: ‚ÄúI think it‚Äôs inappropriate for any of us to condone any kind of political harassment.‚Äù https://t.co/z7vblnOL0f,88
388,-0.6705,Tue Jun 26 12:23:44 +0000 2018,0.273,0.727,0.0,@FoxNews,Campers recall previous shootings at California site where renowned scientist was killed https://t.co/5UT7oq6vrH,89
389,-0.3612,Tue Jun 26 12:06:20 +0000 2018,0.2,0.8,0.0,@FoxNews,'Westworld' star Evan Rachel Wood goes on hunger strike for families separated at US border https://t.co/HyrVPAhaD6,90
390,0.6705,Tue Jun 26 11:59:01 +0000 2018,0.0,0.744,0.256,@FoxNews,.@AntonioSabatoJr: ‚ÄúI was blacklisted‚Ä¶ because of my attachment to the president and my appreciation of the preside‚Ä¶ https://t.co/ycJLWhgeUZ,91
391,0.0,Tue Jun 26 11:51:24 +0000 2018,0.0,1.0,0.0,@FoxNews,RT @FoxBusiness: American money flowing back into America https://t.co/Qz66Xm0jCj,92
392,0.7351,Tue Jun 26 11:38:04 +0000 2018,0.0,0.617,0.383,@FoxNews,Good Samaritans rescue 6 people from boat burning in Fort Lauderdale https://t.co/ZuSPUTGawe https://t.co/0P0E4yAn9G,93
393,-0.6696,Tue Jun 26 11:25:40 +0000 2018,0.17,0.83,0.0,@FoxNews,"Commuting in the Big Apple has gotten so bad, a New Jersey man chose to cross the Hudson River on a paddle board to‚Ä¶ https://t.co/CGZ0dCnhZf",94
394,-0.0516,Tue Jun 26 11:22:19 +0000 2018,0.091,0.909,0.0,@FoxNews,"JUST IN: Brexit bill becomes law, allowing UK to leave European Union https://t.co/alPWoor72e",95
395,0.4284,Tue Jun 26 10:59:25 +0000 2018,0.121,0.65,0.229,@FoxNews,"Intern who cursed at Trump is identified, was suspended but not fired https://t.co/nMjoiUrTk7",96
396,0.4019,Tue Jun 26 10:45:42 +0000 2018,0.0,0.847,0.153,@FoxNews,"Former president George H.W. Bush welcomes service dog named Sully, shows off Bill Clinton socks https://t.co/SGMww2m9Jm",97
397,-0.296,Tue Jun 26 10:31:42 +0000 2018,0.196,0.804,0.0,@FoxNews,Republican lawmaker introduces motion asking for Maxine Waters' resignation https://t.co/cScJNqvpuS,98
398,0.1761,Tue Jun 26 10:23:04 +0000 2018,0.198,0.617,0.185,@FoxNews,"OPINION: Ten Years after Heller decision, gun rights continue trend toward more freedom, not more gun control https://t.co/47iLqCM6UT",99
399,-0.8074,Tue Jun 26 10:17:55 +0000 2018,0.675,0.325,0.0,@FoxNews,CA Fire Department Mourns Fallen Captain https://t.co/67Tv1QTjRX,100
400,-0.3595,Tue Jun 26 22:32:02 +0000 2018,0.172,0.828,0.0,@nytimes,‚ÄúWe have a Haring!‚Äù A Keith Haring mural comes out of hiding in Amsterdam. https://t.co/6j5TSmeoWf,1
401,-0.7096,Tue Jun 26 22:17:03 +0000 2018,0.237,0.763,0.0,@nytimes,"Senator Rand Paul has sued a neighbor who attacked him in his front yard last year, seeking damages to compensate f‚Ä¶ https://t.co/TGaSv1AWs4",2
402,-0.3818,Tue Jun 26 22:02:03 +0000 2018,0.184,0.708,0.108,@nytimes,A famed consulting firm. A huge contract. We examine the roots of McKinsey‚Äôs disastrous gamble in South Africa. https://t.co/HXu56lhe3X,3
403,0.3182,Tue Jun 26 21:47:03 +0000 2018,0.079,0.788,0.133,@nytimes,RT @NYTMetro: Public housing successfully endured New York City‚Äôs most turbulent eras. We combed through our photo archives for forgotten i‚Ä¶,4
404,0.0,Tue Jun 26 21:33:37 +0000 2018,0.0,1.0,0.0,@nytimes,.@NYTSports Editor Jason Stallman scored 51.8% ... seems beatable.,5
405,-0.296,Tue Jun 26 21:31:42 +0000 2018,0.095,0.905,0.0,@nytimes,Something missing here? We removed the ‚öΩÔ∏ès from these World Cup photos. See if you can guess where they once were.‚Ä¶ https://t.co/lQ8dqEbLFc,6
406,-0.6249,Tue Jun 26 21:20:08 +0000 2018,0.177,0.823,0.0,@nytimes,"Remember the ""ecce homo"" painting in Spain that was called one of the worst restoration projects in modern history?‚Ä¶ https://t.co/T4fU3CJI4L",7
407,0.6249,Tue Jun 26 21:10:06 +0000 2018,0.125,0.569,0.306,@nytimes,"Lindsay Lohan says she's in a better place now. ""I‚Äôm a normal, nice person. A good person. I don‚Äôt have any bad int‚Ä¶ https://t.co/okC0kcCgu1",8
408,0.2023,Tue Jun 26 20:55:02 +0000 2018,0.121,0.685,0.194,@nytimes,"RT @UpshotNYT: We were looking for a fair system that encouraged attacking soccer, with a few constraints about what FIFA could realistical‚Ä¶",9
409,0.0,Tue Jun 26 20:51:37 +0000 2018,0.0,1.0,0.0,@nytimes,RT @MichaelPaulson: The Secret Life of Sven: How a speechless reindeer is brought to life in Broadway's ‚ÄúFrozen.‚Äù https://t.co/mMgHP3aqTg h‚Ä¶,10
410,-0.5106,Tue Jun 26 20:40:08 +0000 2018,0.29,0.58,0.13,@nytimes,Your laptop is probably dirty and gross. It might be time to clean it. https://t.co/19C67OvCaN,11
411,0.34,Tue Jun 26 20:28:05 +0000 2018,0.096,0.746,0.158,@nytimes,Republicans' hardball tactics to stop President Obama's Supreme Court nominee in 2016 paid off today with rulings o‚Ä¶ https://t.co/GLjYVVsqdi,12
412,0.6249,Tue Jun 26 20:18:01 +0000 2018,0.0,0.788,0.212,@nytimes,"We spent 3 days with Kanye West in Wyoming. He was calm, measured, verging on beatific, and also self-aware and wil‚Ä¶ https://t.co/9dt7ivi3Wn",13
413,0.0,Tue Jun 26 20:14:33 +0000 2018,0.0,1.0,0.0,@nytimes,Croatia eliminated Iceland from the World Cup with a 2-1 victory https://t.co/zgSMj2KQN3,14
414,0.2732,Tue Jun 26 20:08:03 +0000 2018,0.0,0.877,0.123,@nytimes,"It was an afternoon of ‚ÄúGod, fashion and politics or God, politics and fashion, whichever‚Äù https://t.co/TRXksDGoNi",15
415,-0.2263,Tue Jun 26 19:58:04 +0000 2018,0.1,0.837,0.063,@nytimes,The arrest warrant for Rosa Parks shows that it took the police a couple of tries to settle on legal language descr‚Ä¶ https://t.co/pHehixKGv7,16
416,0.0,Tue Jun 26 19:57:04 +0000 2018,0.0,1.0,0.0,@nytimes,Lionel Messi and Argentina took a dramatic and unlikely path to advance from the World Cup's group stage https://t.co/3duhtbFUSN,17
417,-0.1531,Tue Jun 26 19:48:08 +0000 2018,0.092,0.845,0.063,@nytimes,Iceland‚Äôs Viking Thunder Clap is meant to conjure the spirit of ancient invaders from harsh volcanic lands. But the‚Ä¶ https://t.co/bvgJ8HUowd,18
418,0.0,Tue Jun 26 19:38:03 +0000 2018,0.0,1.0,0.0,@nytimes,"RT @NYTMetro: The congressional primary on Tuesday is merely the first of two for New York voters, who will also go to the polls in Septemb‚Ä¶",19
419,0.0,Tue Jun 26 19:28:03 +0000 2018,0.0,1.0,0.0,@nytimes,"In Opinion

Op-Ed columnist @michelleinbklyn writes, ""The right‚Äôs revulsion against a black president targeted by b‚Ä¶ https://t.co/rT4bIARi90",20
420,0.4404,Tue Jun 26 19:18:07 +0000 2018,0.0,0.873,0.127,@nytimes,RT @NYTScience: We're finally starting to get a good look at the Ryugu asteroid as Japan's Hayabusa2 spacecraft slowly approaches it https:‚Ä¶,21
421,-0.296,Tue Jun 26 19:08:05 +0000 2018,0.136,0.864,0.0,@nytimes,China‚Äôs government has turned its censors against an unlikely target: its own economic policies https://t.co/zn0mg4U5WS,22
422,-0.4215,Tue Jun 26 18:58:05 +0000 2018,0.118,0.882,0.0,@nytimes,RT @AndrewDasNYT: So @andrewkeh found a Mexican college student who showed up in Russia with a sombrero but no match tickets. A story of op‚Ä¶,23
423,0.25,Tue Jun 26 18:49:05 +0000 2018,0.0,0.875,0.125,@nytimes,RT @MaggieAstor: Got a question about @nytimes political coverage? Here's your chance to ask @patrickhealynyt https://t.co/vhr3hdjnHG,24
424,0.0,Tue Jun 26 18:48:55 +0000 2018,0.149,0.702,0.149,@nytimes,"RT @peterbakernyt: In upholding travel ban, Supreme Court majority rules that president‚Äôs statutory power over immigration is not undermine‚Ä¶",25
425,0.0,Tue Jun 26 18:48:04 +0000 2018,0.143,0.714,0.143,@nytimes,"Sonia Sotomayor in her dissent of the Supreme Court's travel ban decision, lashed out at President Trump, quoting a‚Ä¶ https://t.co/0160x3OYQx",26
426,0.0,Tue Jun 26 18:38:04 +0000 2018,0.0,1.0,0.0,@nytimes,Argentina must beat Nigeria or Lionel Messi‚Äôs 2018 World Cup is over. Live updates: https://t.co/yUgXY3yBCj,27
427,0.0,Tue Jun 26 18:18:04 +0000 2018,0.0,1.0,0.0,@nytimes,"RT @nytfood: The goal, according to industry analysts, is to ‚Äúuncottage‚Äù cottage cheese ‚Äî or, as one dairy executive put it, ‚ÄúChobani it‚Äù h‚Ä¶",28
428,-0.4588,Tue Jun 26 18:08:02 +0000 2018,0.125,0.875,0.0,@nytimes,"In order for Iceland to advance, the team must defeat Croatia. Their World Cup fate also depends on the results of‚Ä¶ https://t.co/UXnUAzHrsx",29
429,0.0,Tue Jun 26 18:00:50 +0000 2018,0.0,1.0,0.0,@nytimes,We deleted this earlier tweet because it should have said President Trump's nomination of Neil Gorsuch https://t.co/abjWu2doow,30
430,0.0,Tue Jun 26 17:58:06 +0000 2018,0.155,0.69,0.155,@nytimes,"With the Supreme Court's travel ban and abortion rulings, the consequences of President Trump's nomination of Neil‚Ä¶ https://t.co/Otl1L3LT91",31
431,0.8218,Tue Jun 26 17:58:06 +0000 2018,0.087,0.607,0.306,@nytimes,"RT @NYTScience: If these researchers can find the most super of the ""super coral,"" they might be able to use it to restore threatened reefs‚Ä¶",32
432,-0.1027,Tue Jun 26 17:48:05 +0000 2018,0.092,0.833,0.075,@nytimes,These photos from the World Cup are missing one important element ‚Äì the ball. See if you can guess where it was.‚Ä¶ https://t.co/DNXIQHW1RS,33
433,-0.2755,Tue Jun 26 17:28:06 +0000 2018,0.095,0.905,0.0,@nytimes,An oral history of the rise and fall of New York City's public housing ‚Äî because it wasn't always like this https://t.co/fPBtB36xaW,34
434,-0.6369,Tue Jun 26 17:18:07 +0000 2018,0.269,0.641,0.09,@nytimes,"David Goldblatt, who documented the oppressive racial dynamics of South Africa during apartheid and after, died on‚Ä¶ https://t.co/4f02CnIuhI",35
435,0.4404,Tue Jun 26 17:08:04 +0000 2018,0.0,0.888,0.112,@nytimes,This is not how Argentina‚Äôs World Cup was supposed to go. The team now must beat Nigeria to have any hope of advanc‚Ä¶ https://t.co/w9LKDY9aph,36
436,-0.743,Tue Jun 26 16:59:59 +0000 2018,0.301,0.551,0.148,@nytimes,"RT @nytopinion: In the travel ban case, the Supreme Court's 5-4 majority turned a blind eye to racism by invoking legal rules that give the‚Ä¶",37
437,-0.4404,Tue Jun 26 16:58:06 +0000 2018,0.132,0.868,0.0,@nytimes,RT @MitchKSmith: President Trump is not letting up on his criticism of Wisconsin-based Harley-Davidson's plans to move more production over‚Ä¶,38
438,0.2023,Tue Jun 26 16:43:42 +0000 2018,0.0,0.899,0.101,@nytimes,There will be important primaries or runoff elections in 7 states today. Here's what to watch for. https://t.co/VqPDDNccJK,39
439,0.6115,Tue Jun 26 16:30:51 +0000 2018,0.0,0.84,0.16,@nytimes,Uber won an appeal to regain its London taxi license. It‚Äôs a victory for efforts by its new chief executive to reva‚Ä¶ https://t.co/QqPB9Hf6Z1,40
440,0.0258,Tue Jun 26 16:28:02 +0000 2018,0.059,0.878,0.063,@nytimes,"Sometimes, we leave sex thinking, ‚ÄúWhat exactly just happened?‚Äù We want to hear from you and your experiences with‚Ä¶ https://t.co/2ZeVXhkOPx",41
441,-0.3412,Tue Jun 26 16:18:02 +0000 2018,0.124,0.876,0.0,@nytimes,Denmark and France finished their game with the World Cup‚Äôs first 0-0 draw. Fans weren't too pleased. https://t.co/CyYtdHZbTA,42
442,-0.3612,Tue Jun 26 16:12:13 +0000 2018,0.179,0.718,0.103,@nytimes,RT @kartpat: How We Created a Virtual Crime Scene to Investigate Syria‚Äôs #ChemicalAttack @nytgraphics #AR #AugmentedReality https://t.co/tE‚Ä¶,43
443,0.1154,Tue Jun 26 16:08:08 +0000 2018,0.0,0.925,0.075,@nytimes,"""We must consider not only the statements of a particular President, but also the authority of the Presidency itsel‚Ä¶ https://t.co/hOcFbEYdTF",44
444,-0.5719,Tue Jun 26 15:58:06 +0000 2018,0.188,0.812,0.0,@nytimes,"‚ÄúWhy do you hate us?‚Äù a man doing yard work asked.
‚ÄúBecause you‚Äôre Mexicans,‚Äù the woman said.
https://t.co/JYR4GUsuDL",45
445,0.0,Tue Jun 26 15:48:07 +0000 2018,0.0,1.0,0.0,@nytimes,The murals started appearing quietly in Paris last week. Now they're confirmed as the work of Banksy ‚Äî and the race‚Ä¶ https://t.co/4Hu0vvtS2p,46
446,0.3182,Tue Jun 26 15:38:05 +0000 2018,0.0,0.887,0.113,@nytimes,"Coaching a World Cup team has left less time for Heimir Hallgrimsson‚Äôs original job, looking after people‚Äôs teeth i‚Ä¶ https://t.co/N1VHK5SOvb",47
447,0.7096,Tue Jun 26 15:32:37 +0000 2018,0.105,0.544,0.351,@nytimes,"The Supreme Court overruled Korematsu v. United States, which endorsed the detention of Japanese-Americans during W‚Ä¶ https://t.co/BCfSr0Kf3f",48
448,0.0,Tue Jun 26 15:28:04 +0000 2018,0.0,1.0,0.0,@nytimes,Meet Colorado‚Äôs new single-issue voters: the cannabis community https://t.co/zSHQXhQnrW,49
449,0.0258,Tue Jun 26 15:18:06 +0000 2018,0.209,0.622,0.169,@nytimes,"Reality Winner, the first person prosecuted by the Trump administration on charges of leaking classified informatio‚Ä¶ https://t.co/QpTRtEF5PL",50
450,-0.2023,Tue Jun 26 15:10:39 +0000 2018,0.104,0.896,0.0,@nytimes,"RT @UpshotNYT: ‚ÄúIf we were to pay what we need to pay people to make a living in San Francisco, a $10 hamburger would be a $20 hamburger, a‚Ä¶",51
451,0.0,Tue Jun 26 14:58:03 +0000 2018,0.0,1.0,0.0,@nytimes,"RT @nytopinion: What if Trump and Putin went on a date? Animator @plymptoons imagines the scene in Episode 2 of ""Trump Bites."" https://t.co‚Ä¶",52
452,-0.4019,Tue Jun 26 14:44:09 +0000 2018,0.234,0.632,0.134,@nytimes,"When the Supreme Court heard arguments on President Trump's travel ban, here are some of the questions the justices‚Ä¶ https://t.co/KuYQsHmiin",53
453,0.4404,Tue Jun 26 14:38:01 +0000 2018,0.0,0.804,0.196,@nytimes,Some companies are starting to offer student loan payment benefits in response to financial challenges facing young‚Ä¶ https://t.co/WlK8UyPbaQ,54
454,0.0,Tue Jun 26 14:34:45 +0000 2018,0.17,0.66,0.17,@nytimes,RT @nytgraphics: The Supreme Court upheld President Trump's travel ban. How the justices voted: https://t.co/9CtvagjiMt https://t.co/6uTTcI‚Ä¶,55
455,0.0,Tue Jun 26 14:26:30 +0000 2018,0.149,0.702,0.149,@nytimes,"Breaking News: President Trump‚Äôs travel ban is lawful, the Supreme Court ruled. The 5-4 decision is a major stateme‚Ä¶ https://t.co/C2NPLBrtAz",56
456,-0.3818,Tue Jun 26 14:25:32 +0000 2018,0.261,0.588,0.151,@nytimes,"Breaking News: The Supreme Court blocked a California law requiring ""crisis pregnancy centers"" to tell women about‚Ä¶ https://t.co/i1BdTlcHad",57
457,0.0,Tue Jun 26 14:18:06 +0000 2018,0.0,1.0,0.0,@nytimes,"RT @taffyakner: I went to the woods because I wanted to live deliberately, but also to visit @jonathan_franzen. My profile @NYTmag is up: h‚Ä¶",58
458,0.0,Tue Jun 26 14:10:34 +0000 2018,0.0,1.0,0.0,@nytimes,"When Pedro Cabrita Reis became an international art star, he had few peers from Portugal. His collecting habit help‚Ä¶ https://t.co/cPH9bNgwFK",59
459,0.5859,Tue Jun 26 14:00:14 +0000 2018,0.0,0.84,0.16,@nytimes,"Denmark takes on France, and needs a win or draw to advance to the knockout round. Follow here for live updates: https://t.co/hdA4Pw5B2W",60
460,-0.2263,Tue Jun 26 13:45:06 +0000 2018,0.091,0.909,0.0,@nytimes,A judge threw out a lawsuit brought by San Francisco and Oakland against fossil fuel companies over the costs of de‚Ä¶ https://t.co/o1KR1RUvxj,61
461,0.0,Tue Jun 26 13:31:54 +0000 2018,0.0,1.0,0.0,@nytimes,President Trump has often lauded Harley-Davidson as a U.S. icon and job creator. Now he's lashing out over its plan‚Ä¶ https://t.co/vidnQ15aNi,62
462,-0.4215,Tue Jun 26 13:30:08 +0000 2018,0.214,0.677,0.109,@nytimes,"‚ÄúWho is this stupid God?"" The remarks of President Rodrigo Duterte startled even some of his supporters in the Phil‚Ä¶ https://t.co/RVnlIs2T87",63
463,0.4404,Tue Jun 26 13:15:02 +0000 2018,0.0,0.868,0.132,@nytimes,"Lindsay Lohan is turning 32 in July. For the first time in her life, she says she feels safe. https://t.co/Nxr3qg4UD8",64
464,0.0,Tue Jun 26 13:00:12 +0000 2018,0.0,1.0,0.0,@nytimes,Morning Briefing: Here's what you need to know to start your day https://t.co/DlTkfPsiV3 https://t.co/9FRqQfotwf,65
465,0.0,Tue Jun 26 12:45:06 +0000 2018,0.0,1.0,0.0,@nytimes,"A new version of the 1040 income tax form may be postcard-size, but smaller is not necessarily simpler https://t.co/y85VPje5ai",66
466,0.1154,Tue Jun 26 12:15:08 +0000 2018,0.112,0.758,0.13,@nytimes,Technology is fast changing how people with disabilities travel. But the advantages often stop at the door of the p‚Ä¶ https://t.co/W9A4OVgfUY,67
467,0.0,Tue Jun 26 12:00:06 +0000 2018,0.0,1.0,0.0,@nytimes,This item is the most frequently found type of trash littering our beaches. Can you guess what it is? https://t.co/TFlIzyXHJ9,68
468,-0.34,Tue Jun 26 11:45:06 +0000 2018,0.112,0.888,0.0,@nytimes,"So far, the Pawnee Fire has burned thousands of acres in Northern California, razing several homes and forcing hund‚Ä¶ https://t.co/rKN6wKaVYP",69
469,-0.1531,Tue Jun 26 11:30:13 +0000 2018,0.078,0.922,0.0,@nytimes,No heat. Leaks. Mold and pests. New York City public housing has become synonymous with dilapidation. But it wasn‚Äôt‚Ä¶ https://t.co/9QWo2z4WoE,70
470,0.0,Tue Jun 26 11:30:12 +0000 2018,0.0,1.0,0.0,@nytimes,"Jimmy Fallon responds to President Trump: ""You‚Äôre the president! Why are you tweeting at me?‚Äù Our late-night roundu‚Ä¶ https://t.co/A9xSjlRKT2",71
471,0.0,Tue Jun 26 11:15:09 +0000 2018,0.0,1.0,0.0,@nytimes,A New York Times investigation found that pregnancy discrimination is systematic and pervasive inside America‚Äôs big‚Ä¶ https://t.co/KZMvzd9Ah1,72
472,0.0,Tue Jun 26 11:14:04 +0000 2018,0.0,1.0,0.0,@nytimes,"RT @andrewkeh: There are hundreds of thousands of soccer fans in Russia right now. They must all have a story to tell. Here's one, about wh‚Ä¶",73
473,0.0772,Tue Jun 26 11:00:03 +0000 2018,0.0,0.947,0.053,@nytimes,"‚ÄúI see mothers bury their sons,‚Äù Antwon Rose II wrote in a poem. ‚ÄúI want my mom to never feel that pain.‚Äù The poem‚Ä¶ https://t.co/bbPTXD2wwK",74
474,0.0,Tue Jun 26 10:45:05 +0000 2018,0.0,1.0,0.0,@nytimes,The group stage of the World Cup is almost over. Here's how teams can advance to the round of 16. https://t.co/HF3UYHhybi,75
475,-0.2263,Tue Jun 26 10:30:07 +0000 2018,0.226,0.584,0.191,@nytimes,A rift in the Democratic party has opened over whether stoking anti-Trump outrage is helping or undermining its pro‚Ä¶ https://t.co/PBoDtUsvCs,76
476,0.0,Tue Jun 26 10:15:06 +0000 2018,0.0,1.0,0.0,@nytimes,Here are a few things to watch out for today as voters head to the polls in 7 states https://t.co/f5yFw2FO8a,77
477,0.0,Tue Jun 26 10:00:08 +0000 2018,0.0,1.0,0.0,@nytimes,Morning Briefing: Here's what you need to know to start your day https://t.co/aeN8TNIbDg https://t.co/LxIAVvILIZ,78
478,-0.6486,Tue Jun 26 09:45:03 +0000 2018,0.223,0.777,0.0,@nytimes,"A video showed a woman in California unleashing a diatribe against Mexicans, calling them rapists, animals and drug‚Ä¶ https://t.co/9chAU4wVJj",79
479,0.0,Tue Jun 26 09:40:05 +0000 2018,0.0,1.0,0.0,@nytimes,"Who, exactly, is ISIS? That question fuels our podcast ""Caliphate."" The final episode is out, and you can listen to‚Ä¶ https://t.co/tbZshTKDO8",80
480,0.0,Tue Jun 26 09:15:05 +0000 2018,0.0,1.0,0.0,@nytimes,Sometimes spiders ride the wind https://t.co/ALoZvV1wi1,81
481,-0.5574,Tue Jun 26 09:00:07 +0000 2018,0.267,0.644,0.089,@nytimes,The latest discontented group to upset the Chinese Communist Party's image of dominance? Army veterans. https://t.co/ISJk9G6Lzh,82
482,-0.3875,Tue Jun 26 08:43:52 +0000 2018,0.134,0.866,0.0,@nytimes,"""I don't know how it works and I don't care. Never eating instant ramen any other way again."" https://t.co/pZGzyGUHjj",83
483,-0.25,Tue Jun 26 08:27:06 +0000 2018,0.111,0.889,0.0,@nytimes,"Erdogan must now face Turkey's troubled economy, but his increasingly authoritarian and anti-Western bent is aliena‚Ä¶ https://t.co/x7gitBjWeX",84
484,0.0,Tue Jun 26 08:18:42 +0000 2018,0.0,1.0,0.0,@nytimes,Hedge funds and private-equity firms are pouring money into large personal-injury cases even as scrutiny of the bus‚Ä¶ https://t.co/uaGkMk5nqP,85
485,0.7579,Tue Jun 26 08:02:04 +0000 2018,0.0,0.764,0.236,@nytimes,A Sri Lankan port is one of the most vivid examples of China‚Äôs ambitious use of loans and aid to gain influence aro‚Ä¶ https://t.co/CkktD1yVWo,86
486,-0.7184,Tue Jun 26 07:46:02 +0000 2018,0.25,0.75,0.0,@nytimes,"RT @nytimesworld: Turkey is facing an array of economic troubles, an increasingly disgruntled populace and troubled relations with its West‚Ä¶",87
487,-0.3612,Tue Jun 26 07:32:02 +0000 2018,0.179,0.821,0.0,@nytimes,Harley-Davidson will shift some U.S. production abroad to avoid European Union tariffs imposed in retaliation to Pr‚Ä¶ https://t.co/wukFSxrqVr,88
488,0.0,Tue Jun 26 07:17:02 +0000 2018,0.0,1.0,0.0,@nytimes,"RT @coopnytimes: As Simon Rattle's 16 years at the helm of the @BerlinPhil comes to a close, you can watch and listen to some of the high p‚Ä¶",89
489,0.0258,Tue Jun 26 07:02:01 +0000 2018,0.0,0.939,0.061,@nytimes,"Following a journey that started in 2014, Japan's Hayabusa2 spacecraft will reach the Ryugu asteroid on Wednesday t‚Ä¶ https://t.co/vRVf3Fj4ik",90
490,0.4215,Tue Jun 26 06:49:27 +0000 2018,0.0,0.741,0.259,@nytimes,Heathrow Airport Expansion Is Approved by U.K. Lawmakers https://t.co/GgK4oDU7zN,91
491,-0.5653,Tue Jun 26 06:32:04 +0000 2018,0.22,0.679,0.102,@nytimes,RT @nytimesworld: 500 died. 50 villages destroyed. Tens of thousands displaced. Yet this is not a war zone. It is farm country in Nigeria w‚Ä¶,92
492,-0.4019,Tue Jun 26 06:02:01 +0000 2018,0.13,0.87,0.0,@nytimes,"RT @joecoscarelli: scream therapy, art therapy, retail therapy, group therapy, nature therapy and more w @joncaramanica and Kanye West, who‚Ä¶",93
493,0.6486,Tue Jun 26 05:32:06 +0000 2018,0.0,0.791,0.209,@nytimes,"RT @grynbaum: Sean Spicer planning a TV show in which he meets ""interesting and thoughtful public figures for a drink and some lite convers‚Ä¶",94
494,-0.3182,Tue Jun 26 05:15:42 +0000 2018,0.095,0.905,0.0,@nytimes,"""If export markets get shut off, I could see us getting to the point where we‚Äôre dumping our milk in the fields,"" s‚Ä¶ https://t.co/WXn2omVEGb",95
495,0.0,Tue Jun 26 04:58:28 +0000 2018,0.0,1.0,0.0,@nytimes,A plan to build an AirTrain between Manhattan and La Guardia Airport is inching forward. But New Yorkers are mockin‚Ä¶ https://t.co/DhaNCPwTVG,96
496,0.3818,Tue Jun 26 04:42:03 +0000 2018,0.078,0.781,0.141,@nytimes,"5 years ago, the Supreme Court struck down a key part of the Voting Rights Act. Since then, it's become harder to v‚Ä¶ https://t.co/c0bBZGH9Nx",97
497,0.0,Tue Jun 26 04:22:04 +0000 2018,0.0,1.0,0.0,@nytimes,"RT @nytopinion: In Episode One of @realtrumpbites, our satirical video cartoon series, animator @plymptoons zeroes in on Trump's excessive‚Ä¶",98
498,0.0,Tue Jun 26 04:11:25 +0000 2018,0.0,1.0,0.0,@nytimes,Five Takeaways From Turkey‚Äôs Election https://t.co/TxM7EvEPpn,99
499,-0.5267,Tue Jun 26 04:02:02 +0000 2018,0.167,0.833,0.0,@nytimes,"Amid increasing concerns about privacy violations, Orlando city officials decide to end a pilot program that used A‚Ä¶ https://t.co/d7UClmJN78",100
